date,key,hex_key
2024-11-29,"oB1!/&ed+""l*Ga8k`:HeQ"";ft=E#.qc;,zN'#'J\T1'Aw_""t{1~XJJ?Y-YH8",6f4231212f2665642b226c2a4761386b603a486551223b66743d45232e71633b2c7a4e2723274a5c54312741775f22747b317e584a4a3f592d594838
2024-11-30,"6r|VGP3G=h^ES*U@^BEF85-I""JLOPEYH`:=E%zZh$_z6Vnkn[pn!e3.y65u*",36727c56475033473d685e45532a55405e42454638352d49224a4c4f50455948603a3d45257a5a68245f7a36566e6b6e5b706e2165332e793635752a
2024-12-01,"fZ&Okj}0A,-9G#I?CpK(!BwHiK6B<0Wze*5I?yw=M0M.'""R'F(`TA0No+k0y",665a264f6b6a7d30412c2d394723493f43704b2821427748694b36423c30577a652a35493f79773d4d304d2e272252274628605441304e6f2b6b3079
2024-12-02,rg^.M{zR~T_cGP>b(iq+9#a1Ez`5mbIN_]J((m:dAOL=.e?=G/tbc;a%\J;T,72675e2e4d7b7a527e545f6347503e622869712b39236131457a60356d62494e5f5d4a28286d3a64414f4c3d2e653f3d472f7462633b61255c4a3b54
2024-12-03,SnUV#z.PO-(A%0(f.?~2%M_r@\rqe>kVEu3oYLg?ClP9+Se)=3Y:Mk(m_2?x,536e5556237a2e504f2d2841253028662e3f7e32254d5f72405c7271653e6b564575336f594c673f436c50392b5365293d33593a4d6b286d5f323f78
2024-12-04,"0LcOTZh}!J#sz*vQ>""*Z<q>s(A,PW>](M5dAu0>D^FfN4(j:X#}y&LnM;fFP",304c634f545a687d214a23737a2a76513e222a5a3c713e7328412c50573e5d284d35644175303e445e46664e34286a3a58237d79264c6e4d3b664650
2024-12-05,"`jgBOJ0B)R}!i[sKMsZ[pK6s,""'hpQL""9*SHT!zIsM%_fPs`a:oICU1Pa*@p",606a67424f4a304229527d21695b734b4d735a5b704b36732c22276870514c22392a534854217a49734d255f66507360613a6f4943553150612a4070
2024-12-06,":;X""+A1q[Sj>O%$GULT(Pyz(Bna)dR]#*:k8u[y5gmym)59~6:Cgo98sIFn4",3a3b58222b4131715b536a3e4f252447554c542850797a28426e612964525d232a3a6b38755b7935676d796d2935397e363a43676f39387349466e34
2024-12-07,"dD4G4f@lf/Z6>]:g,\qQYYYemv`7lJsy,tsU5t)R;Z4'VW$Tw4*TqZ>j8y7o",644434473466406c662f5a363e5d3a672c5c7151595959656d7660376c4a73792c747355357429523b5a34275657245477342a54715a3e6a3879376f
2024-12-08,"!]<""|])i`V~rNyw79AT|qbzj1oFhAIfSpsz.\A]LJZF#x}i#!iEg'*A4I55l",215d3c227c5d296960567e724e7977373941547c71627a6a316f46684149665370737a2e5c415d4c4a5a4623787d692321694567272a41344935356c
2024-12-09,"X\1_Ho*jE""Mv[P;z1;=zJH6r1Q0A;c}T5lVDb1J${W%M'>jF9M[=]F/wxDR5",585c315f486f2a6a45224d765b503b7a313b3d7a4a483672315130413b637d54356c564462314a247b57254d273e6a46394d5b3d5d462f7778445235
2024-12-10,"lfE&}&%!Y~k_S,-ak]ZK+vSdK""/1y7s*3Yf5>*<RgN1T+KqYC@vvtx0U_OG3",6c6645267d262521597e6b5f532c2d616b5d5a4b2b7653644b222f317937732a335966353e2a3c52674e31542b4b715943407676747830555f4f4733
2024-12-11,"aA,x"",G]2)Kqpe5|Jv_+5wI-3,RY""A+KUzTz.];@b2t:(K|Q9kMX:1;""pCvH",61412c78222c475d32294b717065357c4a765f2b3577492d332c525922412b4b557a547a2e5d3b406232743a284b7c51396b4d583a313b2270437648
2024-12-12,"!oAi:/%4k'J}>;Q,urS:S/u3K5/p-pdeUs^k/jE*0RQ<2$b9K,yqy>SYJY86",216f41693a2f25346b274a7d3e3b512c7572533a532f75334b352f702d70646555735e6b2f6a452a3052513c322462394b2c7971793e53594a593836
2024-12-13,"PJPo5hylHzUXuwc'`QaQJ2MIHldjz!n*M3YK(O9t1glSd,Z-ad[H(A!$Evnn",504a506f3568796c487a555875776327605161514a324d49486c646a7a216e2a4d33594b284f397431676c53642c5a2d61645b482841212445766e6e
2024-12-14,LSG~(`2+~p<]~}]CSdz\d]b$T1<(%UQ//-r&u[n%{./MSw[`Q4VGq4N]3Is`,4c53477e2860322b7e703c5d7e7d5d4353647a5c645d622454313c282555512f2f2d7226755b6e257b2e2f4d53775b605134564771344e5d33497360
2024-12-15,Vx'XDaCVl-k&Fg~lqtc]$}03pUk*o)1AhE*OHv6T}>HSw[{V!y@kFLle5T86,56782758446143566c2d6b2646677e6c7174635d247d303370556b2a6f29314168452a4f487636547d3e4853775b7b562179406b464c6c6535543836
2024-12-16,"jWkpk>'N~o&D2W#A&p]Wz8%N7xOk/xm4+f/""bmZfHXfB2T.~$%r}qe^7dP7k",6a576b706b3e274e7e6f26443257234126705d577a38254e37784f6b2f786d342b662f22626d5a664858664232542e7e2425727d71655e376450376b
2024-12-17,VHsI'GP:{|@]fNR%8dSGG{'7=@MsI%R%}k~0As+c6m60_56_|F)M5_YA{7%W,564873492747503a7b7c405d664e522538645347477b27373d404d73492552257d6b7e3041732b63366d36305f35365f7c46294d355f59417b372557
2024-12-18,"G]mnwX-@c^sap]xl&GXlvN8B!</i~brqL/K!|AN:/UXji""+p(UHB{t'~<F3m",475d6d6e77582d40635e7361705d786c2647586c764e3842213c2f697e6272714c2f4b217c414e3a2f55586a69222b70285548427b74277e3c46336d
2024-12-19,"+E{;V%&>.6+B0N""lTFG(>9(>:}Y_BVcVjP18hyM5v\R]&@uxUKog!(3+cV+d",2b457b3b5625263e2e362b42304e226c544647283e39283e3a7d595f425663566a50313868794d35765c525d26407578554b6f672128332b63562b64
2024-12-20,O>oy$^$3NP]x|VQi3?UIBf7%X->?p5~EPaSx`pY-0HU6p3-Za4X:@;N#|Qt',4f3e6f79245e24334e505d787c565169333f554942663725582d3e3f70357e45506153786070592d3048553670332d5a6134583a403b4e237c517427
2024-12-21,"id~tw+7r=V@G:[?e0|W\^2TACvPV%4d7""O-sBl++)gi(ht2-(z/)\P,JX!ZQ",69647e74772b37723d5640473a5b3f65307c575c5e3254414376505625346437224f2d73426c2b2b296769286874322d287a2f295c502c4a58215a51
2024-12-22,"Udu<Z{MCtBy>YcQ)v-=(PyXX#^-mrq/s(""zgVHjt=xITS|$_Ilb:bcFBx_DA",5564753c5a7b4d437442793e59635129762d3d2850795858235e2d6d72712f7328227a6756486a743d784954537c245f496c623a62634642785f4441
2024-12-23,"lrk(wo?W""Pi@:.b^NwV^r%V&YZ]cp>pS/])l!E_+""eQqx(oe>xKUUz'k!%{f",6c726b28776f3f57225069403a2e625e4e77565e72255626595a5d63703e70532f5d296c21455f2b2265517178286f653e784b55557a276b21257b66
2024-12-24,")6fVR2Z_FI+FfH2?@y_7s5HYA,o:gUKr-m1O;@/gERCydg>e@.@mvx](r`KB",2936665652325a5f46492b466648323f40795f3773354859412c6f3a67554b722d6d314f3b402f674552437964673e65402e406d76785d2872604b42
2024-12-25,"(OZ8)j+`GC2.^|XHa""N+QE~XJMoAB86iOU#avk!BL0_C_Jpla5d~o.6ZG%Vv",284f5a38296a2b604743322e5e7c584861224e2b51457e584a4d6f41423836694f552361766b21424c305f435f4a706c6135647e6f2e365a47255676
2024-12-26,")z.+l_W^:)$wQX"".,$^}sI@RZ_b[O(bfvcLMsK/<Em&gO7LvWcqr,;I`/BUi",297a2e2b6c5f575e3a2924775158222e2c245e7d734940525a5f625b4f28626676634c4d734b2f3c456d26674f374c76576371722c3b49602f425569
2024-12-27,$P$VY<d}InRwdqUbxd~7U(R`.j*JK#}$Ca<keEi`2>7^?^x5fO0T#)3IdQKc,24502456593c647d496e52776471556278647e37552852602e6a2a4a4b237d2443613c6b65456960323e375e3f5e7835664f30542329334964514b63
2024-12-28,Z9M[~zCA2zsv`x?i#j;&HWEJ{-D<smgl}c`L3_]ZPsm0Fq}eWbOYBb2896C',5a394d5b7e7a4341327a737660783f69236a3b264857454a7b2d443c736d676c7d63604c335f5d5a50736d3046717d6557624f594262323839364327
2024-12-29,"&?yG{H?PGa[_8Id/g99Dw?ZfawI`auV0*|!0O\@1BwK:u[?g""#$qNUnjk-6A",263f79477b483f5047615b5f3849642f67393944773f5a6661774960617556302a7c21304f5c403142774b3a755b3f67222324714e556e6a6b2d3641
2024-12-30,"BI""KV0(a.7H@lRZT@3_Jm&:|^A^,IP%7CNa\[,dr_[|Ee-'Pv%B""W5GbtoA-",4249224b563028612e3748406c525a5440335f4a6d263a7c5e415e2c49502537434e615c5b2c64725f5b7c45652d27507625422257354762746f412d
2024-12-31,"=]`Sjb+=QkZ?S];N=.kxJ[pig.9's{FXY0B%]3Ug?qCe\7n!,mBp1uMo~.:5",3d5d60536a622b3d516b5a3f535d3b4e3d2e6b784a5b7069672e3927737b4658593042255d3355673f7143655c376e212c6d427031754d6f7e2e3a35
2025-01-01,"YL1mS;~Q""(4^(dtOi7^IA*N26i""B\KH\jucV.C&B!!,>YS-Q,+$nFUzLYE,~",594c316d533b7e512228345e2864744f69375e49412a4e32366922425c4b485c6a7563562e43264221212c3e59532d512c2b246e46557a4c59452c7e
2025-01-02,"!@W=qs&.-q`>,Op;K[;S[:B/WvB_V8T]I9-A/(cDj{r,B.X7b<g.""'j;.OtP",2140573d7173262e2d71603e2c4f703b4b5b3b535b3a422f5776425f5638545d49392d412f2863446a7b722c422e5837623c672e22276a3b2e4f7450
2025-01-03,"t:kC%>%|<1,AV(2f3oPj1WIm._%iAU&7H?.Re4e<8Gq&S?kk$3/PeX'0h;gJ",743a6b43253e257c3c312c4156283266336f506a3157496d2e5f256941552637483f2e526534653c38477126533f6b6b24332f5065582730683b674a
2025-01-04,")a9i0J^;x!)d!TOZn9h&*""<|41YD4CF!C*|7O""oC|`ywl<j_X8;ggmRO,0Ya",29613969304a5e3b7821296421544f5a6e3968262a223c7c3431594434434621432a7c374f226f437c6079776c3c6a5f58383b67676d524f2c305961
2025-01-05,pzYHq&26M:CVl]WYP!1SEoL2tPxsDAJgL6V`=2Ubfqg~/`;j}shZl42HO\eQ,707a5948712632364d3a43566c5d575950213153456f4c327450787344414a674c3656603d3255626671677e2f603b6a7d73685a6c3432484f5c6551
2025-01-06,(]e^is!lQ5(7.-OoI_oWC$*_dZK1#9z|T/*t4i$w8gX-&A!kdUw])|Izs+QB,285d655e6973216c513528372e2d4f6f495f6f5743242a5f645a4b3123397a7c542f2a74346924773867582d2641216b6455775d297c497a732b5142
2025-01-07,"{uP$T5)A3J>[=d#_&8YzBtGvil#'&_ijBt:R<,9Z&`1,*UZ86!d[nOwj6Y~s",7b75502454352941334a3e5b3d64235f2638597a42744776696c2327265f696a42743a523c2c395a2660312c2a555a383621645b6e4f776a36597e73
2025-01-08,2sK>=rH-FW|3I9K[8)A4!uq+ao=glE$`*z++9wH;jR[X3mc2?G@WF5(jTZ(5,32734b3e3d72482d46577c3349394b5b382941342175712b616f3d676c4524602a7a2b2b3977483b6a525b58336d63323f4740574635286a545a2835
2025-01-09,"@s?2!{&hI*e/1|WD7""G:BN&t(y5fg,yltp'rp|C--cjK(`v]-742(/O;IGl=",40733f32217b2668492a652f317c57443722473a424e267428793566672c796c74702772707c432d2d636a4b2860765d2d373432282f4f3b49476c3d
2025-01-10,"~pA|V9*q0/u$TQhj&2qO@)Ha&L_<{pT>dDTCj""'q|if@HX4qf/./!eD/aI$%",7e70417c56392a71302f75245451686a2632714f40294861264c5f3c7b70543e644454436a2227717c69664048583471662f2e2f2165442f61492425
2025-01-11,j$*baxU@#+SckU`w/BO%Fpz]iOl#pU#TiPdsr'fK^PKq6~s50RmX5i'7-=n',6a242a6261785540232b53636b5560772f424f2546707a5d694f6c2370552354695064737227664b5e504b71367e733530526d58356927372d3d6e27
2025-01-12,"SwvsOD:=lts9]<I&X/`jv@$LE2}cM""?N4(VPUAc+'Jgj+qkMbGlYaD,rQX(+",537776734f443a3d6c7473395d3c4926582f606a7640244c45327d634d223f4e342856505541632b274a676a2b716b4d62476c5961442c725158282b
2025-01-13,"~\$@VRoJXEv,q_q#8J<9~cA>:~{N?[Df{@Xgqv>cCm\a8V*>%>xRtn?a&J=Q",7e5c244056526f4a5845762c715f7123384a3c397e63413e3a7e7b4e3f5b44667b40586771763e63436d5c6138562a3e253e7852746e3f61264a3d51
2025-01-14,"p|nxv9Fb""0E%%i*5aX(.#3+8`YCW%SDXUj4?xNcP[;}y1[xX,*],w<bP/8EH",707c6e78763946622230452525692a356158282e23332b386059435725534458556a343f784e63505b3b7d79315b78582c2a5d2c773c62502f384548
2025-01-15,"_'xj,u8gIzxd9S/?6IYJ3C7ZbLkPjGU-l54(c)?&uBcVwUkF)\$0v2FKv}y0",5f27786a2c753867497a786439532f3f3649594a3343375a624c6b506a47552d6c35342863293f267542635677556b46295c24307632464b767d7930
2025-01-16,"6*G7b-!Su655FL_UmF##ov#}NTh#^>sQ-@h]&e'C""5gU85t]hk-Lgy%04)3'",362a4737622d215375363535464c5f556d4623236f76237d4e5468235e3e73512d40685d26652743223567553835745d686b2d4c6779253034293327
2025-01-17,+?ca0?DD>)>M/y>wbtFoE{%0<c.foDsb/C.#.DlJU&%Db8!5I8We8fbI5Ivg,2b3f6361303f44443e293e4d2f793e776274466f457b25303c632e666f4473622f432e232e446c4a5526254462382135493857653866624935497667
2025-01-18,tk@X~'0yb:2L)k7!Bs|*'qK>{XP@MFBem`WBBt<kY86's4\%{g)/T1=#=(2a,746b40587e273079623a324c296b372142737c2a27714b3e7b5850404d4642656d60574242743c6b5938362773345c257b67292f54313d233d283261
2025-01-19,"m4d7UmS-Lz[xru+&B+yF%8xA,fsNpf*vUo""7iBs5$5R=VT9'!@R:|EgRC{v*",6d346437556d532d4c7a5b7872752b26422b7946253878412c66734e70662a76556f2237694273352435523d565439272140523a7c456752437b762a
2025-01-20,"povo%fRF+$xT""J`{{fS!<m5E1-&/|V}I?/*\XX/61^\crp6#46S$s`DM#6UK",706f766f256652462b247854224a607b7b6653213c6d3545312d262f7c567d493f2f2a5c58582f36315e5c6372703623343653247360444d2336554b
2025-01-21,"{""uHawSq'Ji~:nGwdN\xjtBGh/E#qd'&<g[C=ZEQg/pO""&%PRr{[!5b'MhJi",7b22754861775371274a697e3a6e4777644e5c786a744247682f4523716427263c675b433d5a4551672f704f2226255052727b5b213562274d684a69
2025-01-22,"2T<fXOX:b#T]b4EQ,V;tu4FHp8-fRC59w#b[H+lM'%-ucs;':0-]slCG@s7U",32543c66584f583a6223545d623445512c563b747534464870382d66524335397723625b482b6c4d27252d7563733b273a302d5d736c434740733755
2025-01-23,"TfH()b}Zt=>>y""JDg_l<[::e#S_*nzRxl:>Fw&{hb0_H0QW*.?`6)]Qi5%L'",5466482829627d5a743d3e3e79224a44675f6c3c5b3a3a6523535f2a6e7a52786c3a3e4677267b6862305f483051572a2e3f6036295d516935254c27
2025-01-24,"98G9YB14E`;?dLJb'#78ObP|YTT+YE^vjjxTl!.-)-(Ds)kT""o8i1EGu'T/]",393847395942313445603b3f644c4a62272337384f62507c5954542b59455e766a6a78546c212e2d292d284473296b54226f38693145477527542f5d
2025-01-25,j:S93^XQ9nHMLp>:U!|}hay+*(z1QpF(9z[b!3X&SR^tfh6rEc|Ls*$6$EnT,6a3a5339335e5851396e484d4c703e3a55217c7d6861792b2a287a3151704628397a5b622133582653525e746668367245637c4c732a243624456e54
2025-01-26,"h@a?:dC:I<3y1qFzXwS9%sIL!OwrBJC|=b""6[0<pu=<_1XKz1/^HC]|n-Jgz",6840613f3a64433a493c33793171467a587753392573494c214f7772424a437c3d6222365b303c70753d3c5f31584b7a312f5e48435d7c6e2d4a677a
2025-01-27,"<7,lZ19*d*nNvBEE[\m:?`DRYKo\'TA,-6d,mdV}byl,nZZh{p#KPD&D<Ji{",3c372c6c5a31392a642a6e4e764245455b5c6d3a3f604452594b6f5c2754412c2d36642c6d64567d62796c2c6e5a5a687b70234b504426443c4a697b
2025-01-28,"U.rsTV36RD)Hu&<ih)Ncc:.a>L(P`I/iaD\FS7o#V_XX%""K=""R)^1Xw=~r&j",552e7273545633365244294875263c6968294e63633a2e613e4c285060492f6961445c4653376f23565f585825224b3d2252295e3158773d7e72266a
2025-01-29,.P$&R8{z&7Lqd?ZHT)RT~uiFDk3/hydJ*oC$:1BSvFLe7\kL+bmwy}KNxv$F,2e50242652387b7a26374c71643f5a48542952547e756946446b332f6879644a2a6f43243a31425376464c65375c6b4c2b626d77797d4b4e78762446
2025-01-30,"Hw;hI?+,OQI<""QOx+Ui+cO\`~~e^<F|M?*W{8}!.~(I'*`Oymsv]T4</-fbh",48773b68493f2b2c4f51493c22514f782b55692b634f5c607e7e655e3c467c4d3f2a577b387d212e7e2849272a604f796d73765d54343c2f2d666268
2025-01-31,"UbO|t/&6aK>LjK""huThO65ER#mHmr>j#E""O\,lRX1iAD@q7GzDdVJCswL\r~",55624f7c742f2636614b3e4c6a4b22687554684f36354552236d486d723e6a2345224f5c2c6c525831694144407137477a4464564a4373774c5c727e
2025-02-01,",x>j2q6N_A>&*nx0#""OTMtIA{#_ZB~&`1dT$ayne)yDiX.8X?O3q@sw<)/{F",2c783e6a3271364e5f413e262a6e783023224f544d7449417b235f5a427e26603164542461796e6529794469582e38583f4f33714073773c292f7b46
2025-02-02,"H*wQkEx`6i{^2_%2g[qbw@1{n\Tme]7]S>?We{jGV;$@b6,eh3N6x:!hX]-\",482a77516b45786036697b5e325f2532675b71627740317b6e5c546d655d375d533e3f57657b6a47563b244062362c6568334e36783a2168585d2d5c
2025-02-03,"xt?*7}iRN|74eiFSYMvpCQR\$1;-Y+3l8DFRMbVz\l.::_`bBJn8k2T(,n)f",78743f2a377d69524e7c373465694653594d76704351525c24313b2d592b336c384446524d62567a5c6c2e3a3a5f6062424a6e386b3254282c6e2966
2025-02-04,&EDTNT#QLLX'}{G#@VE@OUG@K6GyeeBH2omL6AlsbHMJu-~f&;I_S4.H'RN>,264544544e5423514c4c58277d7b4723405645404f5547404b36477965654248326f6d4c36416c7362484d4a752d7e66263b495f53342e4827524e3e
2025-02-05,"0WdSTadHS""pk8*eyrS_}J_gw?hWD5i[)6`\Pu(3mxiBy:5s4,fxhQhcuD3|L",30576453546164485322706b382a657972535f7d4a5f67773f68574435695b2936605c507528336d786942793a3573342c6678685168637544337c4c
2025-02-06,/rCXE90Xl2g.zhXEdZiRsot*ujNUrR1<>X4Tcg%uW-Q?>%xA='(pdvn?!x:B,2f724358453930586c32672e7a685845645a6952736f742a756a4e557252313c3e58345463672575572d513f3e2578413d27287064766e3f21783a42
2025-02-07,"|M$pM8t&|?_m~%VyLT)_@|""f~_0dAJXAWdq*COFf3=JO]wSMV9yTtg.].|k1",7c4d24704d3874267c3f5f6d7e2556794c54295f407c22667e5f3064414a58415764712a434f4666333d4a4f5d77534d5639795474672e5d2e7c6b31
2025-02-08,"?NPf%UZ3S~joY+OD\R*(LN(\vc9!_o!w]:+pyA',tT.!IVZD%-t0m{]dcF8U",3f4e506625555a33537e6a6f592b4f445c522a284c4e285c766339215f6f21775d3a2b707941272c74542e2149565a44252d74306d7b5d6463463855
2025-02-09,"'LEY}}.2VF7i{/u6Q=WdNu@d)~n>9R7"")aRC""5Zo0HZ8fW|$l^m\XZ5u'F\V",274c45597d7d2e32564637697b2f7536513d57644e754064297e6e3e395237222961524322355a6f30485a3866577c246c5e6d5c585a357527465c56
2025-02-10,"[g\S7""2W_U]Be_LS;0Rmu6M}\VT[*K2g';&j^Ih-NWMsn^FGoW;'S42M9!7[",5b675c53372232575f555d42655f4c533b30526d75364d7d5c56545b2a4b3267273b266a5e49682d4e574d736e5e46476f573b275334324d3921375b
2025-02-11,"HSZEB<aM|ioX$i'x~^^a1W%oQUg/ioZY)R.Lc,YeQese5f!~fCu'?#6q~inL",48535a45423c614d7c696f58246927787e5e5e613157256f5155672f696f5a5929522e4c632c5965516573653566217e664375273f2336717e696e4c
2025-02-12,"""emr{nA4oO7#xP,$[I66f-kFvvwL(H+-_Ic""WCF)N>5}K`QN&!\0e``<xhM#",22656d727b6e41346f4f372378502c245b493636662d6b467676774c28482b2d5f496322574346294e3e357d4b60514e26215c306560603c78684d23
2025-02-13,"b=14'q(:]12j?e,'7:<peadhN#ZNF,LWv@f;K21sa)kobY>ZeZ5A{(yd]=$x",623d31342771283a5d31326a3f652c27373a3c70656164684e235a4e462c4c577640663b4b32317361296b6f62593e5a655a35417b2879645d3d2478
2025-02-14,"H6.94?v%Kxd?qTGk5)""W+[\a4)Z[Jv:UDN]:jCVyG&9>Q1~}^H>gcq]mR84T",48362e39343f76254b78643f7154476b352922572b5b5c6134295a5b4a763a55444e5d3a6a4356794726393e51317e7d5e483e6763715d6d52383454
2025-02-15,"aOjPzrc&^>""]{k,5eG62O/z|SIXb!L`MbOE{N7KnBrt;oF#2#nMKRA{k.{Y6",614f6a507a7263265e3e225d7b6b2c35654736324f2f7a7c53495862214c604d624f457b4e374b6e4272743b6f462332236e4d4b52417b6b2e7b5936
2025-02-16,"aZW1""gyw{k[pImOAmBN9.c_k`qIE2+~v""mhH*2HF}5;[sl1DG0xuCo?U.lS-",615a5731226779777b6b5b70496d4f416d424e392e635f6b60714945322b7e76226d68482a3248467d353b5b736c314447307875436f3f552e6c532d
2025-02-17,Tz(fYBYS=F9/#tJ5|eK4OMeG::Jmk]qPCHYeh)ypX;S@y)F~%HXIS?OcYF<{,547a2866594259533d46392f23744a357c654b344f4d65473a3a4a6d6b5d71504348596568297970583b53407929467e25485849533f4f6359463c7b
2025-02-18,"8dX_;wcSQ}i3+TU-_}u?:|eX'{)H1L6yA""`@;\,\!Z<jSQ*h[tKisPu6m('X",3864585f3b776353517d69332b54552d5f7d753f3a7c6558277b2948314c3679412260403b5c2c5c215a3c6a53512a685b744b69735075366d282758
2025-02-19,"c}A,ISLE#w/|F""[.ZNKP}Jx|dxU>D%,""?P@F0i.PB.3sF=W%L=k'{{dz8?H\",637d412c49534c4523772f7c46225b2e5a4e4b507d4a787c6478553e44252c223f50404630692e50422e3373463d57254c3d6b277b7b647a383f485c
2025-02-20,";Y<q-W('jD(SIGo;;""S[eFLVo>/My<-&wRNoR\N;>St}BH`Xn&,1F%@B$gy}",3b593c712d5728276a44285349476f3b3b22535b65464c566f3e2f4d793c2d2677524e6f525c4e3b3e53747d424860586e262c31462540422467797d
2025-02-21,"Bs0k*g-}f=emF!,Zp`x""oF'R\=n_Ik<1DK-dSo)4Cni9;xUE5)n$}y-<,`x\",4273306b2a672d7d663d656d46212c5a706078226f4627525c3d6e5f496b3c31444b2d64536f2934436e69393b78554535296e247d792d3c2c60785c
2025-02-22,ZH*yL^gi-*t0WY.5=#3p>>+UzXU#Rf4gG9>7/jmq27hjmRLakEPt[dChP*/X,5a482a794c5e67692d2a743057592e353d2333703e3e2b557a5855235266346747393e372f6a6d713237686a6d524c616b4550745b644368502a2f58
2025-02-23,"z8u{,7CP#V,cdY(@m`SCU?1/`zNz:hB@lTX2>cW;<x/F&FA1-cly""G[C3jRe",7a38757b2c37435023562c63645928406d605343553f312f607a4e7a3a6842406c5458323e63573b3c782f46264641312d636c7922475b43336a5265
2025-02-24,"I?!^(9VtW,55Ulng\!U'0Z!y""=n.8MiOXlTm""6CGuyj8GwL%+DzvhFAEWu%(",493f215e28395674572c3535556c6e675c215527305a2179223d6e2e384d694f586c546d2236434775796a3847774c252b447a766846414557752528
2025-02-25,"~i7YF:\:v;_F@l>(Qf)ox,2k`8uS*44f}zP*Q.2`BJ/D'$y2KG_{4;v4=j#B",7e693759463a5c3a763b5f46406c3e285166296f782c326b603875532a3434667d7a502a512e3260424a2f44272479324b475f7b343b76343d6a2342
2025-02-26,I.|8'V<iMX{s*kJ!;0X1N/wl2VV[IFe#D2w-x.Rf^YxooP_*{|>hqtRHD7ku,492e7c3827563c694d587b732a6b4a213b3058314e2f776c3256565b494665234432772d782e52665e59786f6f505f2a7b7c3e687174524844376b75
2025-02-27,"6\)UKdm'wWXW4sFOg.%o""B-6f-,O*,>$n=E%%A@tkuA?{[R)<(oZx@Pt5L?>",365c29554b646d27775758573473464f672e256f22422d36662d2c4f2a2c3e246e3d4525254140746b75413f7b5b52293c286f5a78405074354c3f3e
2025-02-28,!lBFY1Dr%r1id-|IO:^(}6+Lf&jDMb6}a}6Tb+E)LVa<fmVpt-^GcmrOmo0F,216c42465931447225723169642d7c494f3a5e287d362b4c66266a444d62367d617d3654622b45294c56613c666d5670742d5e47636d724f6d6f3046
2025-03-01,"1t.-QDa`}J;:71[Jl[sZ>l1,6F<1BO\X{#Gz*KEe4{CY<+[2G8GV!5P^FN[L",31742e2d514461607d4a3b3a37315b4a6c5b735a3e6c312c36463c31424f5c587b23477a2a4b4565347b43593c2b5b32473847562135505e464e5b4c
2025-03-02,"Jb\6*|Qd@1wfYJ[]%(ho~OW,22eI]VxBf9tg+=v^K_td-6\G_PB50#drNW|*",4a625c362a7c516440317766594a5b5d2528686f7e4f572c323265495d567842663974672b3d765e4b5f74642d365c475f504235302364724e577c2a
2025-03-03,"z#{DGE?*/&}""hC~{:Bm5_ESorPPb$,$?=(?CIf)PZ=O]}}mE0/ox^Q1cef>C",7a237b4447453f2a2f267d2268437e7b3a426d355f45536f72505062242c243f3d283f43496629505a3d4f5d7d7d6d45302f6f785e51316365663e43
2025-03-04,"K9pUgJ*x[THk:3_$4#|@p18&6J-&^4E+V2wB%[VqEI7]AkbtUf8`_Wr""65B}",4b397055674a2a785b54486b3a335f2434237c4070313826364a2d265e34452b56327742255b56714549375d416b6274556638605f5772223635427d
2025-03-05,":Gyvt+Bf*T?QRT><7'<O,#'z*{CYT))L#U:Mf.6}n+$v-*YE5qMYdSIrVPU~",3a477976742b42662a543f5152543e3c37273c4f2c23277a2a7b43595429294c23553a4d662e367d6e2b24762d2a594535714d59645349725650557e
2025-03-06,%Z}_LW4dV[kaB?kN!2#3D23{0UmE$mL'E_BU\Y^qz_$2dH1N_sEISIexSjt;,255a7d5f4c573464565b6b61423f6b4e213223334432337b30556d45246d4c27455f42555c595e717a5f24326448314e5f73454953496578536a743b
2025-03-07,p]0#1tY9FE[3=B5!RLnUs8o)D[9B^~L[x%tuDR_vRi#rmr?dr}b<lrcD/xcL,705d30233174593946455b333d423521524c6e5573386f29445b39425e7e4c5b7825747544525f76526923726d723f64727d623c6c7263442f78634c
2025-03-08,a-C'-'e!/mn$U1]c~vyL;Cfaa2[nS>Lp@faG.@\|{mT^*tB)b%cL+sX%Jk#Y,612d43272d2765212f6d6e2455315d637e76794c3b43666161325b6e533e4c70406661472e405c7c7b6d545e2a7442296225634c2b7358254a6b2359
2025-03-09,oh8lujNwyz'PxzMb4A=zy?C]#L7o0*ADeT;+Q&uJU|p=*-<vz7xxz7*#5):R,6f68386c756a4e77797a2750787a4d6234413d7a793f435d234c376f302a414465543b2b5126754a557c703d2a2d3c767a3778787a372a2335293a52
2025-03-10,(X+C[tMkg:W7(lPsSfR'=+o<kz8_CN.q)%z[T[|[->t$30!pZ?he1}E@L|k|,28582b435b744d6b673a5737286c5073536652273d2b6f3c6b7a385f434e2e7129257a5b545b7c5b2d3e7424333021705a3f6865317d45404c7c6b7c
2025-03-11,">*5!|;pTI#E<Ap%x#J?""^78X8;SDm`Xg}~<M1BabF_M>-16i@`#tr]mpr;57",3e2a35217c3b70544923453c41702578234a3f225e373858383b53446d6058677d7e3c4d31426162465f4d3e2d31366940602374725d6d70723b3537
2025-03-12,"NUcH)loK{Vr`DGLxleul@0PblqSq[4Ovi6Iltu,AUhag/$j_lb).i+X=uf?u",4e556348296c6f4b7b56726044474c786c65756c403050626c7153715b344f766936496c74752c41556861672f246a5f6c62292e692b583d75663f75
2025-03-13,Y[@b&\FUk\FCrkL1nX#80FD:e>:bi!/TaSCU#rm7R|;(#0GKn$D>l{5t(W}*,595b4062265c46556b5c4643726b4c316e5823383046443a653e3a6269212f546153435523726d37527c3b282330474b6e24443e6c7b357428577d2a
2025-03-14,"#|]v:E&2]sEb+,g/Z0r\'R%/M-oY6'W\.f3Y3P7AJBg7wOvy^9{ee!c""/[vZ",237c5d763a4526325d7345622b2c672f5a30725c2752252f4d2d6f593627575c2e663359335037414a426737774f76795e397b65652163222f5b765a
2025-03-15,dVt*?HgSxRubE?i}P|#e^.YG'5-v0SA~hA&PVZ|N(A^&G(i~i`!=a:=wfPr9,6456742a3f48675378527562453f697d507c23655e2e594727352d763053417e68412650565a7c4e28415e264728697e6960213d613a3d7766507239
2025-03-16,"NP<,2XCz'P!=P<rTv4iU(7\m*WUGH;9}WJ@ha=Vra{(kg=/'Yay?XlQd&ncL",4e503c2c3258437a2750213d503c72547634695528375c6d2a575547483b397d574a4068613d5672617b286b673d2f275961793f586c5164266e634c
2025-03-17,"3N3od0Pw)@dk6GQg9NP""rP,|Y=AdtianYb6Z}|kp;>EY{-dOs*a|32/YiDRm",334e336f643050772940646b36475167394e502272502c7c593d41647469616e5962365a7d7c6b703b3e45597b2d644f732a617c33322f596944526d
2025-03-18,"4ABGsf?m]v$/JZ_wY3InP=#)?fEb2/GC%aSE*/""_>htoF_<*v`)Qy+W/8<+[",3441424773663f6d5d76242f4a5a5f775933496e503d23293f664562322f4743256153452a2f225f3e68746f465f3c2a76602951792b572f383c2b5b
2025-03-19,"NssDQskb5r#?*XTH6Da=T`0YJNV~KEKs%W?^Hi5mJ""Vh?Os$5WPGN'6'SFo^",4e73734451736b623572233f2a5854483644613d546030594a4e567e4b454b7325573f5e4869356d4a2256683f4f7324355750474e27362753466f5e
2025-03-20,"OYM#zLg[\cy)oc{g0.s%K2k]X:;.Emnw""w~!GPE,~YAw|O7=i[{unz{*LqYq",4f594d237a4c675b5c6379296f637b67302e73254b326b5d583a3b2e456d6e7722777e214750452c7e5941777c4f373d695b7b756e7a7b2a4c715971
2025-03-21,"3EPxNwn\h(7,~G[^Z9|ag?!|-A$Ijdqb]c,NSUDZKKST'>}WI\7<~k1|)>bj",334550784e776e5c6828372c7e475b5e5a397c61673f217c2d4124496a6471625d632c4e5355445a4b4b5354273e7d57495c373c7e6b317c293e626a
2025-03-22,"rR|jME4~.""XO4lwTv%fRH|'2T=hBh*D]U6egvRSWr_kESHt@k7z_O]9G;['F",72527c6a4d45347e2e22584f346c775476256652487c2732543d6842682a445d5536656776525357725f6b45534874406b377a5f4f5d39473b5b2746
2025-03-23,"eG?m71ySWG0xy8}I=D093hr07Fop8,f}mt}nOkfpd+'R!_k;1;cyEiqMS#|U",65473f6d373179535747307879387d493d4430393368723037466f70382c667d6d747d6e4f6b6670642b2752215f6b3b313b63794569714d53237c55
2025-03-24,"WL""y;L(J45MusX(Z/FHO~j>W]<mSGAVhsuY[bkQL_#sBp6pL#|i'J$e,XMO&",574c22793b4c284a34354d757358285a2f46484f7e6a3e575d3c6d53474156687375595b626b514c5f2373427036704c237c69274a24652c584d4f26
2025-03-25,"<_>@34/5weDcU.6;rx{f[:-LOw5o'MZ{TQZf0Avm""E>t""^n1lDquxb8elaJ]",3c5f3e4033342f3577654463552e363b72787b665b3a2d4c4f77356f274d5a7b54515a663041766d22453e74225e6e316c447175786238656c614a5d
2025-03-26,"!8Yq[P>""U5bL{*EP""d,tM^x([Wt-]HXvaa~iPa&y,#?Byb:'%/WpytY^GFuk",213859715b503e225535624c7b2a455022642c744d5e78285b57742d5d48587661617e69506126792c233f4279623a27252f57707974595e4746756b
2025-03-27,"Rg6x|Z+MB{I4)8*&2(LX.W|BF38lF~0a'j|UYx.k7;N""3;k#f9/)[hFnRMgT",526736787c5a2b4d427b493429382a2632284c582e577c424633386c467e3061276a7c5559782e6b373b4e22333b6b2366392f295b68466e524d6754
2025-03-28,"rjf="".'r*ZcmFmZ2iHz)4'FFUbJLW8g9Ha#)nR8o/[egVe0O:j^S}wQhoZVA",726a663d222e27722a5a636d466d5a3269487a293427464655624a4c57386739486123296e52386f2f5b65675665304f3a6a5e537d7751686f5a5641
2025-03-29,"bL0Fym'1!5)L%>+O'""vAIDuV/npmfk{U&FNMWxY_J7@<S!:OMrDGM+[|iHg(",624c3046796d27312135294c253e2b4f27227641494475562f6e706d666b7b5526464e4d5778595f4a37403c53213a4f4d7244474d2b5b7c69486728
2025-03-30,"QN>CYI3nI`pt+A;[]uB""vJ_""""NjCY~&FfHMSE0L*Iq-'4wmceI)Pm&ZXt3Fg",514e3e435949336e496070742b413b5b5d754222764a5f22224e6a43597e264666484d5345304c2a49712d2734776d63654929506d265a5874334667
2025-03-31,"}itm+??KZt;,}{w{k.FF+^wpOQFQhnQOx,iw$2ufk`"".Q=sCk*{$kH|]6WiN",7d69746d2b3f3f4b5a743b2c7d7b777b6b2e46462b5e77704f514651686e514f782c6977243275666b60222e513d73436b2a7b246b487c5d3657694e
2025-04-01,vM~EceF\0Qic$ON?0]gHI8GZ~p|{TC[pI;{6jdoKs]{|V:\bLfM(eVe/u.|x,764d7e456365465c30516963244f4e3f305d67484938475a7e707c7b54435b70493b7b366a646f4b735d7b7c563a5c624c664d286556652f752e7c78
2025-04-02,iOhaG30;fP@Eg'(ib1@gcjyv)*>2Hj6&aozD'E^@2kF>m1JF<-{N#v]:IJ|:,694f68614733303b665040456727286962314067636a7976292a3e32486a3626616f7a4427455e40326b463e6d314a463c2d7b4e23765d3a494a7c3a
2025-04-03,"~T/[#bj.d'5mo#o[hg>t""vY(RH~1]|^Gc=QV65;.1R0:+j#:BO0=~<7UQyfd",7e542f5b23626a2e6427356d6f236f5b68673e742276592852487e315d7c5e47633d515636353b2e3152303a2b6a233a424f303d7e3c375551796664
2025-04-04,"NajqrOPC;iV0b+b>qw<w#Qpj>p{n^Q9T||96FxR#=cjsA8""oI,p.ok3Jj+gA",4e616a71724f50433b695630622b623e71773c772351706a3e707b6e5e5139547c7c3936467852233d636a734138226f492c702e6f6b334a6a2b6741
2025-04-05,"%rhE1b~M:&""jbdQZ#'/`hCL`I9LlQVriwe|*po@j(1{-""9R}0mF}ir4i55@q",2572684531627e4d3a26226a6264515a23272f6068434c6049394c6c5156726977657c2a706f406a28317b2d2239527d306d467d6972346935354071
2025-04-06,]w.V;O8t%x\D|h*qyd*&^8K*;1}g98]b<zKbQ3|W]Uu_6}^|}k.bC<R]Tcmx,5d772e563b4f387425785c447c682a7179642a265e384b2a3b317d6739385d623c7a4b6251337c575d55755f367d5e7c7d6b2e62433c525d54636d78
2025-04-07,"d1n`&Ror00SvtqOUfC3xy*KxRA1?v""X\+22p6z4WNTV'?Idyo4jgP~v#FL<G",64316e6026526f723030537674714f5566433378792a4b785241313f7622585c2b323270367a34574e5456273f4964796f346a67507e7623464c3c47
2025-04-08,h'c7!0g'd9f@}M3G!jz5=&_sj1hO!fod5CDNYJ}bPFdd~A=q!Hdbk'l;})M',6827633721306727643966407d4d3347216a7a353d265f736a31684f21666f643543444e594a7d62504664647e413d71214864626b276c3b7d294d27
2025-04-09,{p~=a]TqMOGk\h12LpnUo?f)%^JTP**i^M;dn%G}B]}8::3_O+&@/~O%tBQd,7b707e3d615d54714d4f476b5c6831324c706e556f3f6629255e4a54502a2a695e4d3b646e25477d425d7d383a3a335f4f2b26402f7e4f2574425164
2025-04-10,"pG@MxZ/e""(qMA)0W5?:33W[KGDv2Wse\h<%->?J,fidf(t^{ny""|.\g=(*iW",7047404d785a2f652228714d41293057353f3a3333575b4b474476325773655c683c252d3e3f4a2c6669646628745e7b6e79227c2e5c673d282a6957
2025-04-11,"`CQ1`tOCiaLDhpX>0,BIKdx3>sV;tuLg=jz""g*^_C:T})/v\{R%q~,{&JIvI",6043513160744f4369614c446870583e302c42494b6478333e73563b74754c673d6a7a22672a5e5f433a547d292f765c7b5225717e2c7b264a497649
2025-04-12,"%|`y,pw(US`C5uZ~FVH@f.)k<%0l+;|@LA2jXvj_w$5dj5(u#iJ1ArS%h#'8",257c60792c7077285553604335755a7e46564840662e296b3c25306c2b3b7c404c41326a58766a5f772435646a35287523694a314172532568232738
2025-04-13,"+fX.T(043dY@lh4ByoX'5""RX]fya3Il\)CxdyL80vki~C]V6r)1/w-""BJi$9",2b66582e54283034336459406c683442796f5827352252585d66796133496c5c29437864794c3830766b697e435d56367229312f772d22424a692439
2025-04-14,"7u8{xqn,0\C?:9\Z(+%KjyyB6=ok:V`(~z9zX}e-5H,b3F*c{FB]e>ynrB-|",3775387b78716e2c305c433f3a395c5a282b254b6a797942363d6f6b3a5660287e7a397a587d652d35482c6233462a637b46425d653e796e72422d7c
2025-04-15,"!$i1DX#@t%1b4I'n6p'&3LX)'1Im?[sE8u]HLQ`tTCi6+WoUudpx1l%z""vQ^",2124693144582340742531623449276e36702726334c58292731496d3f5b734538755d484c516074544369362b576f5575647078316c257a2276515e
2025-04-16,"nQO1(h6]^I""McK)7[/-XOFKw(Wd_8H(*G-s#BS/,AzyE_GMSKz8h`k$k+l.I",6e514f312868365d5e49224d634b29375b2f2d584f464b772857645f3848282a472d732342532f2c417a79455f474d534b7a3868606b246b2b6c2e49
2025-04-17,trDy3b{E.E!NJbKSC_oqPv4MKi'l&+;<`mlz)+|ah~|_BRO|K&}.rze>3:x:,7472447933627b452e45214e4a624b53435f6f715076344d4b69276c262b3b3c606d6c7a292b7c61687e7c5f42524f7c4b267d2e727a653e333a783a
2025-04-18,"+D/Byk6~S5+v""ip^murJ+Rh|n,nO9D-`g>wH&~T__+!Wl>~8t_Dk&a?/OVi7",2b442f42796b367e53352b762269705e6d75724a2b52687c6e2c6e4f39442d60673e7748267e545f5f2b21576c3e7e38745f446b26613f2f4f566937
2025-04-19,"1=CHS9;,Bd^G|0|k<=oSeQ$+g)@E%$9vFWK@l$2_Eh8?]Ny*bjgZG.CX/05!",313d434853393b2c42645e477c307c6b3c3d6f536551242b672940452524397646574b406c24325f4568383f5d4e792a626a675a472e43582f303521
2025-04-20,"8,:oU4X144rdfxL#_j3m;}5I4j>s"",u8vj14L+WzRj$TCCk^[|""c]1[Tkw%!",382c3a6f553458313434726466784c235f6a336d3b7d3549346a3e73222c7538766a31344c2b577a526a245443436b5e5b7c22635d315b546b772521
2025-04-21,"-q~WZT,IQ<Glqj0FAvF)q-u!/Q-Ho'pj%w'%\;/.*W{$i0^*X~@wnG:B}Vo'",2d717e575a542c49513c476c716a304641764629712d75212f512d486f27706a257727255c3b2f2e2a577b2469305e2a587e40776e473a427d566f27
2025-04-22,"*p4,D?0a6Mkv<XeDX}$ZDGG(A>UU}*t6F8561DSl15}u""J|l05]oD'/oO`uS",2a70342c443f3061364d6b763c586544587d245a44474728413e55557d2a7436463835363144536c31357d75224a7c6c30355d6f44272f6f4f607553
2025-04-23,"JS3j+NJ-*Z,JEH_{WN[dnMJ}PKWe.-Q.2&wE5mAruAeiLa9R(]p3|Ko$+oj)",4a53336a2b4e4a2d2a5a2c4a45485f7b574e5b646e4d4a7d504b57652e2d512e32267745356d4172754165694c613952285d70337c4b6f242b6f6a29
2025-04-24,"t6zQ-pvJMJuf@u)O3mtWlC^]@wX""'1_Cv3Vd71PYKU(x4Ydi{\#zCVlMpjla",74367a512d70764a4d4a75664075294f336d74576c435e5d4077582227315f4376335664373150594b552878345964697b5c237a43566c4d706a6c61
2025-04-25,"<bHX!CxA=KAik""KW'W8~-GC@,IbwSQ]wPIBGV$Ho*P`1U5XA!8|i=F<V%QMT",3c624858214378413d4b41696b224b572757387e2d4743402c49627753515d77504942475624486f2a5060315535584121387c693d463c5625514d54
2025-04-26,"r(*o%64/m(.1=V^BPiD}Puo""xMNZ@V6H;:{uuiJ8CF4,hzW?pOBpAIekv|vq",72282a6f2536342f6d282e313d565e425069447d50756f22784d4e5a405636483b3a7b7575694a384346342c687a573f704f42704149656b767c7671
2025-04-27,"D{s/LppoC&<\Ml]>t%#fx`gh5%v#d):3ACFeRZ-KU~{=@?,??N%R8pj(u|5*",447b732f4c70706f43263c5c4d6c5d3e74252366786067683525762364293a3341434665525a2d4b557e7b3d403f2c3f3f4e255238706a28757c352a
2025-04-28,N`O>{ec01K_x^R]E}SH]~c27V]>4|~qw.=\bAU]r*DZi(U~]5]Y~2Qjx`=/0,4e604f3e7b656330314b5f785e525d457d53485d7e633237565d3e347c7e71772e3d5c6241555d722a445a6928557e5d355d597e32516a78603d2f30
2025-04-29,"&v""JH[=}5ZD0ZWX?.'4,Z=Uqi(%C<<YW|M]_sIhsc\}HK*&%1@sFv%}WdIS""",2676224a485b3d7d355a44305a57583f2e27342c5a3d5571692825433c3c59577c4d5d5f73496873635c7d484b2a26253140734676257d5764495322
2025-04-30,"Wo/YnRo""DUh[^'>(?Cc0DOyB]3f#zQhO]d<[4b%Hl'5y7Nz!e*H""~,46re<{",576f2f596e526f224455685b5e273e283f436330444f79425d3366237a51684f5d643c5b346225486c273579374e7a21652a48227e2c343672653c7b
2025-05-01,"o|]Csj""IgHV73E`}+b*H|Q:kC8mz.N9>XH\-3#o>)J(7)#MB&`(A31Zj5v7Z",6f7c5d43736a2249674856373345607d2b622a487c513a6b43386d7a2e4e393e58485c2d33236f3e294a283729234d422660284133315a6a3576375a
2025-05-02,"$B)1QH3G_0Y!NSb[wSJ'.ozC(Cu8cpZ""d$o<9~$=C<4(&UsN$;pv<Fk""Nij<",24422931514833475f3059214e53625b77534a272e6f7a432843753863705a2264246f3c397e243d433c34282655734e243b70763c466b224e696a3c
2025-05-03,"I%dw<a,tf2u1u=Civ$Es`-81bz_=he6-QvS'f=MV^d.o""y(5$s^Th>idwyo6",492564773c612c7466327531753d436976244573602d3831627a5f3d6865362d51765327663d4d565e642e6f2279283524735e54683e696477796f36
2025-05-04,^tgNS|u=Lo8UNMU?!X31/|n|KsuHm^3<(d^>QV`sxM198H|cYuZrjBph#@&S,5e74674e537c753d4c6f38554e4d553f215833312f7c6e7c4b7375486d5e333c28645e3e51566073784d313938487c6359755a726a42706823402653
2025-05-05,"?Lm>VVqr?B8$`[]4nYF@(""fLWs$cCi,z$_N9yUKEV3YH33$'Cq$|D""|Ix-.9",3f4c6d3e565671723f423824605b5d346e5946402822664c5773246343692c7a245f4e3979554b4556335948333324274371247c44227c49782d2e39
2025-05-06,8^Sl}k.EWjzIYGX900ff-Hf{YXwx&gx_h%cfIvbuhl[{K)m=C<zde6O>?d9A,385e536c7d6b2e45576a7a4959475839303066662d48667b595877782667785f6825636649766275686c5b7b4b296d3d433c7a6465364f3e3f643941
2025-05-07,"*S""5k}B;.}YFeEW%vs=89\A<-8),;eww0JDu5fU14\S1_n\Ne;l8Kvx=V~sW",2a5322356b7d423b2e7d59466545572576733d38395c413c2d38292c3b657777304a447535665531345c53315f6e5c4e653b6c384b76783d567e7357
2025-05-08,"Uoz~*r#3w(q+SbtML7-#pM?>pQ_r#db$1r@5~wc-*,.xT15dWSo-kxZK30u|",556f7a7e2a7223337728712b5362744d4c372d23704d3f3e70515f7223646224317240357e77632d2a2c2e785431356457536f2d6b785a4b3330757c
2025-05-09,"6[0knWtQA4DWhcUSzS,F0%E(/f}i/(00C&UC!bd%mgrR=RheOeM|H+S|Q|$%",365b306b6e57745141344457686355537a532c46302545282f667d692f28303043265543216264256d6772523d5268654f654d7c482b537c517c2425
2025-05-10,".Rv?'\,q:VUi4oLQ]wWK7VB9TD?hv.*tH-q^G&PxtfFMwx2wf'r[<6e)ZUw\",2e52763f275c2c713a565569346f4c515d77574b3756423954443f68762e2a74482d715e472650787466464d777832776627725b3c3665295a55775c
2025-05-11,;B-S3Ik(c;cz~~Q_*efG7IwrVbA+oDbtVlZ<HsX?UJ$]xwgu@BY?5JwR.CCx,3b422d5333496b28633b637a7e7e515f2a656647374977725662412b6f446274566c5a3c4873583f554a245d787767754042593f354a77522e434378
2025-05-12,"~""R$)%!NE#=nxdWWmV~}J.6DKb,Dr/p]\nMSwhc8&re""NU^wXDK$u']rf5Yx",7e2252242925214e45233d6e786457576d567e7d4a2e36444b622c44722f705d5c6e4d5377686338267265224e555e7758444b2475275d7266355978
2025-05-13,"|a;co~vXG}7W!$ky[QpZBtuFqi&G;gpImL[}S-h$M,w)'""|QIms>#sSels$m",7c613b636f7e7658477d375721246b795b51705a42747546716926473b6770496d4c5b7d532d68244d2c772927227c51496d733e237353656c73246d
2025-05-14,/:&_!Lop~v+q1:3Rjw?dD;`LN*vQ]p}Fs3rRGK%+J9X[hpA$=.^KHkj9-_d.,2f3a265f214c6f707e762b71313a33526a773f64443b604c4e2a76515d707d4673337252474b252b4a39585b687041243d2e5e4b486b6a392d5f642e
2025-05-15,"G(|gtJZw3p5Ph7o$m6$\=M),~eg4Pa2nQFVpk5JHm#q;6vmjT;<WW=Zc""`C~",47287c67744a5a773370355068376f246d36245c3d4d292c7e6567345061326e514656706b354a486d23713b36766d6a543b3c57573d5a632260437e
2025-05-16,"pbpRr:{UQUB~<C2>hUN*a[/)f6MZFiT1NJGO,gr[CVk37*B'*Zdk!!hzV6]*",70627052723a7b555155427e3c43323e68554e2a615b2f2966364d5a466954314e4a474f2c67725b43566b33372a42272a5a646b2121687a56365d2a
2025-05-17,"T~V(}q.$CZYYp~]ibg8c[rm*Llk,V""w#mz3Aa+|Yp]{`?][J6OxD(Ngk<cVK",547e56287d712e24435a5959707e5d69626738635b726d2a4c6c6b2c562277236d7a3341612b7c59705d7b603f5d5b4a364f7844284e676b3c63564b
2025-05-18,"Z^-{I>D>.VF2`6@E>u~eY95Cj_]<y;,`#@fzwlPZph0fi[$BFXW:n`16>fX=",5a5e2d7b493e443e2e564632603640453e757e65593935436a5f5d3c793b2c602340667a776c505a70683066695b24424658573a6e6031363e66583d
2025-05-19,"qsT;nS\H_Na>6D=em+9ekvpQB3]_-h\8c1XSZ|a]bX*]^|zc.z1O`,~;Ja%{",7173543b6e535c485f4e613e36443d656d2b39656b76705142335d5f2d685c38633158535a7c615d62582a5d5e7c7a632e7a314f602c7e3b4a61257b
2025-05-20,ooU}fOMnTyTss0IGo-u\T0;A!~+=g\@(V7B-YE=lXlwn<^B;U*s-g|us]aGv,6f6f557d664f4d6e54795473733049476f2d755c54303b41217e2b3d675c40285637422d59453d6c586c776e3c5e423b552a732d677c75735d614776
2025-05-21,"v,|Wx^s""owo(PmYTsu9CSnn}MJ^$d:Kw:ZPHbqY,2-FTt@{jywHp4Z7.tVO:",762c7c57785e73226f776f28506d595473753943536e6e7d4d4a5e24643a4b773a5a50486271592c322d465474407b6a79774870345a372e74564f3a
2025-05-22,'lU~5.b{$!QuFB2be!Ss!/9]1G]3:v|'$:nX:Ju[y8m(8fyYT\QYq[>N#VZ7,276c557e352e627b242151754642326265215373212f395d31475d333a767c27243a6e583a4a755b79386d2838667959545c5159715b3e4e23565a37
2025-05-23,"F(@2K&P5xO~bqrC;bZro)*<QYva9X`?I6gZTJ_:r""}Sw~$AXD|IB{3p|:(WJ",462840324b265035784f7e627172433b625a726f292a3c515976613958603f4936675a544a5f3a72227d53777e244158447c49427b33707c3a28574a
2025-05-24,"(G""USWyX:EjTO4oRi9S<gI?Z(hVrPvPu`-ahb=$I^rgU^JfGF]PO2w\Ld)Zs",28472255535779583a456a544f346f526939533c67493f5a2868567250765075602d6168623d24495e7267555e4a6647465d504f32775c4c64295a73
2025-05-25,Lu`zBQEcE20Q5v{(>d_Du)5sOB?Ml20_%NF7{/U)G*WkP-3$VMh}O)D/D=hD,4c75607a425145634532305135767b283e645f44752935734f423f4d6c32305f254e46377b2f5529472a576b502d3324564d687d4f29442f443d6844
2025-05-26,Pia?.%;A65G&jf}B-HalfdG*50:{yF^h@Enbr6ot_q0N2k;.A;rPlM\3_(2O,5069613f2e253b41363547266a667d422d48616c6664472a35303a7b79465e6840456e6272366f745f71304e326b3b2e413b72506c4d5c335f28324f
2025-05-27,"X8]*|6#J3sO6I{^6-fe#*=n~?or.8('cL(ohSZ]b;({$.T,,;Wyf#6C6nGMp",58385d2a7c36234a33734f36497b5e362d6665232a3d6e7e3f6f722e382827634c286f68535a5d623b287b242e542c2c3b577966233643366e474d70
2025-05-28,"Rq{EB8e)ftxji&[gxs%bv51L<fY=/-E1~Kt^lWr5}.o176}""=}jG#,YWE\*H",52717b45423865296674786a69265b67787325627635314c3c66593d2f2d45317e4b745e6c5772357d2e6f3137367d223d7d6a47232c5957455c2a48
2025-05-29,lPK*-lWp5^eEr|e[_Mg@Kc35A^eW'fp#1s~(&U_@9|W06k;P&D#G6xY0$^:?,6c504b2a2d6c5770355e6545727c655b5f4d67404b633335415e65572766702331737e2826555f40397c5730366b3b502644234736785930245e3a3f
2025-05-30,"&[Y9Pn9^d'GKjJ!.E\X7+>_gWBn!f7`<LuHj|AS2{M<LlY9#,k(w&4/oE95N",265b5939506e395e6427474b6a4a212e455c58372b3e5f6757426e216637603c4c75486a7c4153327b4d3c4c6c5939232c6b287726342f6f4539354e
2025-05-31,"xzDL-YZexE:?\nT)I1U*MnIFuor,<d{*{I&9R%PT1EJzIY{mxZ{M]3Wbk]zz",787a444c2d595a6578453a3f5c6e54294931552a4d6e4946756f722c3c647b2a7b4926395225505431454a7a49597b6d785a7b4d5d3357626b5d7a7a
2025-06-01,"mR7T)0Q#j@,=TMCXARq9x`'zZJelT}.U?lz?^Ox_d-q;|*_F:U5G'}0x()(U",6d523754293051236a402c3d544d4358415271397860277a5a4a656c547d2e553f6c7a3f5e4f785f642d713b7c2a5f463a553547277d307828292855
2025-06-02,"FN`nvbgQTzRxecEN5p""Wou*eGd'G(rIIic.3~HN-w\1i@$}dv!TdmkslA[Z4",464e606e76626751547a52786563454e357022576f752a65476427472872494969632e337e484e2d775c316940247d64762154646d6b736c415b5a34
2025-06-03,"21qlR[gh7i5&\U$v-G&+-JD7h0Q2#nJp}f>dr8]am,03rD.JG\|D`t&x-et(",3231716c525b6768376935265c5524762d47262b2d4a443768305132236e4a707d663e6472385d616d2c303372442e4a475c7c44607426782d657428
2025-06-04,*\In]9KqOlf8Pt~=?;e53q<ijH1ZaFE9#YFC~IwU|i'[%{PTn(T5`86wbC8T,2a5c496e5d394b714f6c663850747e3d3f3b653533713c696a48315a61464539235946437e4977557c69275b257b50546e2854356038367762433854
2025-06-05,"JbX|myKA=vFTo7YR*>KZ>(nmQ^pJ?dI}bUoDlkY,=X5!LN>68hJ=*'?bhtGR",4a62587c6d794b413d7646546f3759522a3e4b5a3e286e6d515e704a3f64497d62556f446c6b592c3d5835214c4e3e3638684a3d2a273f6268744752
2025-06-06,"!wgs|l0gjt]aCd*b2kqGk(XTUo!RuC""n%qt#cYXSd=P}f9guYF+>orZPP),9",217767737c6c30676a745d6143642a62326b71476b285854556f21527543226e2571742363595853643d507d6639677559462b3e6f725a5050292c39
2025-06-07,"onIf;QI:8FQ{`uv|krHZSKA~#>g8(M=Ade|90uU7{u1}].;ENoO;YT&9z,zv",6f6e49663b51493a3846517b6075767c6b72485a534b417e233e6738284d3d4164657c39307555377b75317d5d2e3b454e6f4f3b595426397a2c7a76
2025-06-08,"T>)i=>&@/NZo6D1S'5qS#bCekyK""\c@Ni'aJ=N?f%o<tY'[}C~xY/kc}<UB-",543e29693d3e26402f4e5a6f3644315327357153236243656b794b225c63404e6927614a3d4e3f66256f3c7459275b7d437e78592f6b637d3c55422d
2025-06-09,GH|Mv.dO4)M>u~y!vfw;ApP|{6]M_Xo.lW5NSn1d`*4v#V_<+e.}xsSe{sZS,47487c4d762e644f34294d3e757e79217666773b4170507c7b365d4d5f586f2e6c57354e536e3164602a347623565f3c2b652e7d787353657b735a53
2025-06-10,"M*\1JF7OhL"";6+7BB<""j""&]H.|~/KrKsD""?NKw<kEH`~iKz,*DHD$#UqKw<&",4d2a5c314a46374f684c223b362b3742423c226a22265d482e7c7e2f4b724b7344223f4e4b773c6b4548607e694b7a2c2a444844242355714b773c26
2025-06-11,"(x!xOeKwRC4P`+u)-L-s`J.ULj$Ht,uqp;(5[A8qZAIl8,_P\;b`MK}}iF[F",287821784f654b7752433450602b75292d4c2d73604a2e554c6a2448742c7571703b28355b4138715a41496c382c5f505c3b62604d4b7d7d69465b46
2025-06-12,"fPH]Rj[b?J*WjR<E^,wSB0AaE(EK;C1_8!KmjtSG9B9@s98pm9aKNlT{$Kq`",6650485d526a5b623f4a2a576a523c455e2c7753423041614528454b3b43315f38214b6d6a74534739423940733938706d39614b4e6c547b244b7160
2025-06-13,>!m}JVJ|v>|$vzI8i-&%%A/>1gmi'04~.u@_LS5^{<VV\Rkc!%y+(MHXT'*S,3e216d7d4a564a7c763e7c24767a4938692d262525412f3e31676d692730347e2e75405f4c53355e7b3c56565c526b632125792b284d485854272a53
2025-06-14,-_0Pkbv!?;D(%i!lr)Baz:B:+6s0!P(Q5h}1VPj?ES%##..IIM#yC=^XefXx,2d5f30506b6276213f3b44282569216c722942617a3a423a2b3673302150285135687d3156506a3f45532523232e2e49494d2379433d5e5865665878
2025-06-15,_`P~I=Ok0?F@%TrJV`yk)p`x|[sOVXgfx^;TIksvj+4%i^9~ffil4gdqAmk.,5f60507e493d4f6b303f46402554724a5660796b297060787c5b734f56586766785e3b54496b73766a2b3425695e397e6666696c34676471416d6b2e
2025-06-16,nYHGek`K|Szcnm|!\W0x%aTnGZVKz=3FYq)czPUiHs;7''k2G&HLQ3;m=?K3,6e594847656b604b7c537a636e6d7c215c5730782561546e475a564b7a3d3346597129637a50556948733b3727276b324726484c51333b6d3d3f4b33
2025-06-17,"=Qyy[Pt3)|5W\(uBC=Lbmw%sZ#""nrDD)=.6_OZ;X#!P}Ra0.s~0%NifkF--V",3d5179795b507433297c35575c287542433d4c626d7725735a23226e724444293d2e365f4f5a3b582321507d5261302e737e30254e69666b462d2d56
2025-06-18,"2\{E>A&HrW@?i,/j5zr;5(-Os*Xfqq'B}FXs<QBR4e$uX)?|$[eBggoQ)4?y",325c7b453e4126487257403f692c2f6a357a723b35282d4f732a5866717127427d4658733c5142523465247558293f7c245b654267676f5129343f79
2025-06-19,"cT_<+]Sbi0""9[i2Pz^'&%tV.+X{CpFA1emKnIUhskW`Kg'.PCmbfX!~N&g%H",63545f3c2b5d5362693022395b6932507a5e27262574562e2b587b4370464131656d4b6e495568736b57604b67272e50436d626658217e4e26672548
2025-06-20,"M^/-f3l{3S9[sX;[T+3Y_6PwQ*X9o}NAL:""SG'=.u]-Kpu|,a_SZ1bKCkjPv",4d5e2f2d66336c7b3353395b73583b5b542b33595f365077512a58396f7d4e414c3a225347273d2e755d2d4b70757c2c615f535a31624b436b6a5076
2025-06-21,"LxPD]6S_M\THx.QCsv@4{EE.45r?xcG_{.1(!QJbAD1_5;EEL,TvrFvIT0uk",4c7850445d36535f4d5c5448782e5143737640347b45452e3435723f7863475f7b2e312821514a624144315f353b45454c2c5476724676495430756b
2025-06-22,Z?J;b`9<5pLl/-RN4-1Sv<^*T'm7H4CbB*7Y08fOxb[8hR~}CO1n&TuZ-J0y,5a3f4a3b6260393c35704c6c2f2d524e342d3153763c5e2a54276d3748344362422a37593038664f78625b3868527e7d434f316e2654755a2d4a3079
2025-06-23,9\4!XaAZf$Lk|(\3*H)O#9o]RWr5urFiDESyK~(!}h]d{HhT_^/uO)RAwBI|,395c34215861415a66244c6b7c285c332a48294f23396f5d5257723575724669444553794b7e28217d685d647b4868545f5e2f754f2952417742497c
2025-06-24,"Xq!Lo&'C45\fqummuyVBg`@f33pVn.J4o9%FhOW-0N=&wZhR,JqItoQuGRZI",5871214c6f26274334355c6671756d6d7579564267604066333370566e2e4a346f392546684f572d304e3d26775a68522c4a7149746f517547525a49
2025-06-25,"X]lrVApqc/N<V*D)6lipb""twx}c:9e>/X2K@^e`_Nq\R_7.Ix{_LCTTQBvmA",585d6c7256417071632f4e3c562a4429366c697062227477787d633a39653e2f58324b405e65605f4e715c525f372e49787b5f4c4354545142766d41
2025-06-26,"l(#z,/:*#ldqpXTt:X?1dr""_!pnKbE`xY:.bW}()llbV%8M<n)jK&DP'~NOJ",6c28237a2c2f3a2a236c6471705854743a583f316472225f21706e4b62456078593a2e62577d28296c6c625625384d3c6e296a4b264450277e4e4f4a
2025-06-27,e(M?g[[vlnb(QJIMb$K9<gVr3O$/uk{asN46f7+{zA~k))e0UP0SCY[/vAhS,65284d3f675b5b766c6e6228514a494d62244b393c675672334f242f756b7b61734e343666372b7b7a417e6b292965305550305343595b2f76416853
2025-06-28,"""'dX*W""RY_rrvLx+?m8`<a<Ic%c'-j""iy@Vro!r|Q:-aT|wH'UUpz`KSo<Kn",222764582a572252595f7272764c782b3f6d38603c613c49632563272d6a2269794056726f21727c513a2d61547c7748275555707a604b536f3c4b6e
2025-06-29,7=QyD8_z)Aw)k{G)MPBQeqR(qT5qvG$a2)P]UYwcX'7l;Y85<Fd!s:.`NIOX,373d517944385f7a294177296b7b47294d5042516571522871543571764724613229505d555977635827376c3b5938353c466421733a2e604e494f58
2025-06-30,"amZYt!A)/y6ti_cd+A~q2znSJ^9;GANW&I5!UNv7d|H14rQ""5nZG.-^6S<X-",616d5a59742141292f793674695f63642b417e71327a6e534a5e393b47414e5726493521554e7637647c483134725122356e5a472e2d5e36533c582d
2025-07-01,b;G+Ka~H$A:m?=Zdl-iEnXpO-r</g^U)O[j%9vM6E>M^WBzdZv]THRm_$?f+,623b472b4b617e4824413a6d3f3d5a646c2d69456e58704f2d723c2f675e55294f5b6a2539764d36453e4d5e57427a645a765d5448526d5f243f662b
2025-07-02,"Y{x,]Gft1FLH7(ZSCp]0lV[fg{BuDrM+{p:5uo.y5""Wqvul77mfJBgQ3~IA5",597b782c5d47667431464c4837285a5343705d306c565b66677b427544724d2b7b703a35756f2e793522577176756c37376d664a426751337e494135
2025-07-03,"u/%Xd`z^hfeZR=i9Yj#&9CW(1v~r`=~CB%O.""QnxQnyxx$W#[%zh1kh>H\cX",752f255864607a5e6866655a523d6939596a23263943572831767e72603d7e4342254f2e22516e78516e7978782457235b257a68316b683e485c6358
2025-07-04,"0dyFPSd.-6"">$'&R""TB7axFIwv""sPMI`EX{[Dg]L%Tbr_dP!55<qbqseSv3P",306479465053642e2d36223e24272652225442376178464977762273504d496045587b5b44675d4c255462725f64502135353c716271736553763350
2025-07-05,"hlOW_>+PKBYyP{*7X:u!W7iPHYffr*]\KDd86,wNl#}\A""n.AXRRb3U$T,sJ",686c4f575f3e2b504b425979507b2a37583a75215737695048596666722a5d5c4b446438362c774e6c237d5c41226e2e4158525262335524542c734a
2025-07-06,"iI-o$wr\~u\(zv|GkDkZ1_t<C04:$TRN,61L^oi:O$5@xZko^i6x)vo&zdGJ",69492d6f2477725c7e755c287a767c476b446b5a315f743c4330343a2454524e2c36314c5e6f693a4f243540785a6b6f5e69367829766f267a64474a
2025-07-07,"zor=""W.SgnXA@<qi+**rLps&%WA%#m<|=|5#lcsc_xnnr4ihZC.DMWo71|/A",7a6f723d22572e53676e5841403c71692b2a2a724c70732625574125236d3c7c3d7c35236c6373635f786e6e723469685a432e444d576f37317c2f41
2025-07-08,"x8Oa,}!I<q,~?L)mGFy.Lb65&MY&&+D4-j2=gh5Q<,!O+>#^5'D^o7~X-=gN",78384f612c7d21493c712c7e3f4c296d4746792e4c623635264d5926262b44342d6a323d676835513c2c214f2b3e235e3527445e6f377e582d3d674e
2025-07-09,D5;2vz>r#^VG4R\]GLc?w2oJqXCg{6M~YYW(Lle;63{{NZ{hYRyky@*Xp^&9,44353b32767a3e72235e564734525c5d474c633f77326f4a715843677b364d7e595957284c6c653b36337b7b4e5a7b685952796b79402a58705e2639
2025-07-10,/+k7e8Z=&-3BtA(xHKDfzc}0jEXjIu/QO>qJ9*|]T(M}UINJXAoE2VNH(QhV,2f2b6b3765385a3d262d334274412878484b44667a637d306a45586a49752f514f3e714a392a7c5d54284d7d55494e4a58416f4532564e4828516856
2025-07-11,q[0L`hdbMht1.-wx`Uj8PO;X447crDSN2=f%l+Xoi=d\b&<jSi/SIjtM=V#C,715b304c606864624d6874312e2d777860556a38504f3b58343437637244534e323d66256c2b586f693d645c62263c6a53692f53496a744d3d562343
2025-07-12,hc{oKv[J1M6owA0-`+`ekrp_0d]0&R#{Sj:IhKu%@SB01{1x-Qvv%t]$x%<y,68637b6f4b765b4a314d366f7741302d602b60656b72705f30645d302652237b536a3a49684b752540534230317b31782d51767625745d2478253c79
2025-07-13,"%W;6?h&ke`Tc3nryJWW*z;yoYU:>""r^E]V:|2?Hpy4fGvP1$oz@?zQLQG)nG",25573b363f68266b65605463336e72794a57572a7a3b796f59553a3e22725e455d563a7c323f487079346647765031246f7a403f7a514c5147296e47
2025-07-14,WooEJKD^Kgfa3!.HwMfmFqha:U+-Q|iLX?>dRi0LJ<TlE)~}=`gX%:.w>];!,576f6f454a4b445e4b67666133212e48774d666d467168613a552b2d517c694c583f3e645269304c4a3c546c45297e7d3d606758253a2e773e5d3b21
2025-07-15,".dEgvr$pkS5jb_gldp`vUxv?uy7W%'""T]GoIfzEh(KVmJp+o>y>t+1OE~[Ms",2e644567767224706b53356a625f676c647060765578763f75793757252722545d476f49667a4568284b566d4a702b6f3e793e742b314f457e5b4d73
2025-07-16,"tD>4)PmSbb/""<S]C3~8F3D}becfolAylZ7B2OUNk@7^nit9@]cKm()^v5Q%K",74443e3429506d5362622f223c535d43337e384633447d626563666f6c41796c5a3742324f554e6b40375e6e697439405d634b6d28295e763551254b
2025-07-17,"HiKleND!6A/bE3oN3dI!OrR..v(-N7,p6\+v:}WfTuNQFKQ0@c+R!/^$c}<\",48694b6c654e442136412f6245336f4e336449214f72522e2e76282d4e372c70365c2b763a7d576654754e51464b513040632b52212f5e24637d3c5c
2025-07-18,+q6?fCY%BfcsfZXd>+KiWei1M{U-6KvrEt~jf'cP-Q3K]<CI^~'}&Q8pQTMI,2b71363f6643592542666373665a58643e2b4b69576569314d7b552d364b767245747e6a662763502d51334b5d3c43495e7e277d2651387051544d49
2025-07-19,"\\['7,m.cO,Wu?&D=t|JtQqD^-([Yky[:h:9%2}7#!#pT5C$2`""8BQ6,g[kH",5c5c5b27372c6d2e634f2c57753f26443d747c4a745171445e2d285b596b795b3a683a3925327d372321237054354324326022384251362c675b6b48
2025-07-20,"I/aG*^so@'RM1JL/mUcL6s,>N9A8h5CxX%""k[OqV$cYD+7@tcAa1}OdIK1H)",492f61472a5e736f4027524d314a4c2f6d55634c36732c3e4e394138683543785825226b5b4f7156246359442b374074634161317d4f64494b314829
2025-07-21,mek7)&j!@U3k*Lu#!(^sc4;3[h~7e60>?4@~m7sXpC<pD2OjnU@O*3/6Zk^Q,6d656b3729266a214055336b2a4c752321285e7363343b335b687e376536303e3f34407e6d37735870433c7044324f6a6e55404f2a332f365a6b5e51
2025-07-22,eLkUp=g`Sk3`GU<}kG[dIi69sF$\Tm%l1#ugG.45F&LJU4'h{F]UuaW$r:X},654c6b55703d6760536b336047553c7d6b475b64496936397346245c546d256c31237567472e343546264c4a553427687b465d5575615724723a587d
2025-07-23,"_y62v{hM!8P|&Q96H#GV+*r#qCS~VqiXdH1<sZO~[ZZ}ECd0zrCa""rp$L)AG",5f793632767b684d2138507c26513936482347562b2a72237143537e567169586448313c735a4f7e5b5a5a7d454364307a724361227270244c294147
2025-07-24,@M$g}B=)06[.2))_G)BA~=i3L/BW-U%f^2_v%+R&e=c}ZnZ+/a/g:64)p*v),404d24677d423d2930365b2e3229295f472942417e3d69334c2f42572d5525665e325f76252b5226653d637d5a6e5a2b2f612f673a363429702a7629
2025-07-25,"R^ur\x)JN6$}.]9yLFY+i[0B0UalWyz!wP,B3-#qm@P9Vl'%Qz#Unx:[]OY%",525e75725c78294a4e36247d2e5d39794c46592b695b30423055616c57797a2177502c42332d23716d405039566c2725517a23556e783a5b5d4f5925
2025-07-26,"34:+j,SQmn6P,;]fd>dRZ2]%.%Pc@jQ16EUB)c2qtyKYAM)*Z%M*D_9;k_@u",33343a2b6a2c53516d6e36502c3b5d66643e64525a325d252e255063406a5131364555422963327174794b59414d292a5a254d2a445f393b6b5f4075
2025-07-27,'?#qTl6xc0A4+y;9kS~rca3-@wzk&>YNTv>v<Ac(3G']d]*%qBZ88LdG?#P7,273f2371546c3678633041342b793b396b537e726361332d40777a6b263e594e54763e763c4163283347275d645d2a2571425a38384c64473f235037
2025-07-28,"9{@`J]Xhjj][ekjhf/jd%Ud#N\PT2mt0Y5\D]""!F0$foN?*.04\XGP/DX|&l",397b40604a5d58686a6a5d5b656b6a68662f6a64255564234e5c5054326d743059355c445d2221463024666f4e3f2a2e30345c5847502f44587c266c
2025-07-29,!vKx;v^F)a:#i_'0Q:jDo{>]&fFQcnc2%.6mroj38z18D_gnnu8=CBx(5Lk&,21764b783b765e4629613a23695f2730513a6a446f7b3e5d26664651636e6332252e366d726f6a33387a3138445f676e6e75383d43427828354c6b26
2025-07-30,@xYw/Z;]X^hlG7.u-r1mnolBiP3<:2cltc^UYgyBaKMWEGGyckc+EFczV96-,407859772f5a3b5d585e686c47372e752d72316d6e6f6c426950333c3a32636c74635e5559677942614b4d5745474779636b632b4546637a5639362d
2025-07-31,kiMX?wr>!92/Vn'SW-&JrsYd3}{QU)'/Apg5ljTopt5f<m$U[S~6|.2X<\xE,6b694d583f77723e2139322f566e2753572d264a72735964337d7b515529272f417067356c6a546f707435663c6d24555b537e367c2e32583c5c7845
2025-08-01,i5eucFGGJt6{()5O9tPFWDWmZ7OqN>bGeTD(|>J6OP?fhI>tJPcy6BoCVi83,69356575634647474a74367b2829354f397450465744576d5a374f714e3e6247655444287c3e4a364f503f6668493e744a50637936426f4356693833
2025-08-02,"?mAfWN~b""<nVn""D2_^)x\A_-RA[%eKb45ofn<w+sB/-q8xoovS"";t!<_CPt%",3f6d4166574e7e62223c6e566e2244325f5e29785c415f2d52415b25654b6234356f666e3c772b73422f2d7138786f6f7653223b74213c5f43507425
2025-08-03,"mi~qe6PguL'FnD}{`G;'lQ$3wg#U\k:i05b,Gq|[*w\!'W`kk`dYxh9U/g--",6d697e7165365067754c27466e447d7b60473b276c512433776723555c6b3a693035622c47717c5b2a775c212757606b6b606459786839552f672d2d
2025-08-04,"/Bb'9Ue#]f&pnM^,ZZ,_x0dX}AUC/'37#SVPf-M=a`u%.bO|JA5<4NRo:)@T",2f426227395565235d6626706e4d5e2c5a5a2c5f783064587d4155432f27333723535650662d4d3d616075252e624f7c4a41353c344e526f3a294054
2025-08-05,"-%A[VLEGW'dn/,XKMw=LJTH;rx2F<lOL?!lZ>c30r]vU<Nn[IEpu?os#_Gpy",2d25415b564c45475727646e2f2c584b4d773d4c4a54483b727832463c6c4f4c3f216c5a3e633330725d76553c4e6e5b494570753f6f73235f477079
2025-08-06,"B!H~:""E.g[d$N-(;W""SoT&Z9a@$!r0|v{A+e}i[!}Qq=eu=C;O0O.1RKNtL5",4221487e3a22452e675b64244e2d283b5722536f54265a396140242172307c767b412b657d695b217d51713d65753d433b4f304f2e31524b4e744c35
2025-08-07,i0%kN#Z5q-t9[/wA|OXQ<Tf&oYQ{;s{6}R-)DO7mnWq!DI}@<;#xd=UphOll,6930256b4e235a35712d74395b2f77417c4f58513c5466266f59517b3b737b367d522d29444f376d6e57712144497d403c3b2378643d5570684f6c6c
2025-08-08,[p#E[LVJr:2f!TKba^<K4l9'=\_kqzB;[H$wt02>stg<'4(GFThpsmh_Sk+n,5b7023455b4c564a723a326621544b62615e3c4b346c39273d5c5f6b717a423b5b4824777430323e7374673c2734284746546870736d685f536b2b6e
2025-08-09,"t`)_Bd?%81Bndl*uz-KnqL\%"".W41aT3y3rhNj;LcP(=5W|S?S5cyg1Nuahb",7460295f42643f253831426e646c2a757a2d4b6e714c5c25222e573431615433793372684e6a3b4c6350283d35577c533f5335637967314e75616862
2025-08-10,",?mtRo(6n.xXth$yX""R-%}yf\]RG7@IkIi[y""wGqMzovtYh\""p7bX;Qcs}(Q",2c3f6d74526f28366e2e7858746824795822522d257d79665c5d52473740496b49695b79227747714d7a6f767459685c22703762583b5163737d2851
2025-08-11,"@0|snheH{2/8KO,;y}D7vPxD!Qc{4i8j~C~H<Ojon(TiiE8$itq6kK(Cy0@S",40307c736e6865487b322f384b4f2c3b797d4437765078442151637b3469386a7e437e483c4f6a6f6e28546969453824697471366b4b284379304053
2025-08-12,OoP~\#UB2H;O&04W`P]Ue'f?haWA9frb&?`9}-h:^-X-qr<3\4~^&yl/CooK,4f6f507e5c23554232483b4f2630345760505d556527663f6861574139667262263f60397d2d683a5e2d582d71723c335c347e5e26796c2f436f6f4b
2025-08-13,":WD!RV'i>/lY5aqciBEM]f'""xb4uolBSL%<(y+#K2L]ONY*_IqH@]mfDH_0q",3a574421525627693e2f6c59356171636942454d5d662722786234756f6c42534c253c28792b234b324c5d4f4e592a5f497148405d6d6644485f3071
2025-08-14,"`V]$0T64Q<j-:[3.C%J9,#kxGPX<*B-}*yp3Yk^I?@vI0D*nA8Z3B%s,H4=<",60565d2430543634513c6a2d3a5b332e43254a392c236b784750583c2a422d7d2a797033596b5e493f40764930442a6e41385a334225732c48343d3c
2025-08-15,"_JOhb<z\Z99""i{[Kx1F9_cdT:7;v7w3YQ8VS%oS=wp$Gnmm$dKF(D`WRy`C+",5f4a4f68623c7a5c5a393922697b5b4b783146395f6364543a373b763777335951385653256f533d777024476e6d6d24644b4628446057527960432b
2025-08-16,"AoCq%""eS91O<fx*pe`<#RnU|v2T=F$jxMzRHAHvG-FrD'{o0F[(G)vM_o%fJ",416f43712522655339314f3c66782a7065603c23526e557c7632543d46246a784d7a5248414876472d467244277b6f30465b284729764d5f6f25664a
2025-08-17,"48$buW+:bwRV_rK*&(Ss*l1}<cq@OrB%qvUow7xXgyYFSxiPy/XB""?^&tvq&",3438246275572b3a627752565f724b2a262853732a6c317d3c6371404f7242257176556f773778586779594653786950792f5842223f5e2674767126
2025-08-18,"N?nhA_0]8[f&phi+$<Kmt.T/""sj~vL;#lGF/I<(3O!/h$UN?;EN0}""g?Q|X|",4e3f6e68415f305d385b66267068692b243c4b6d742e542f22736a7e764c3b236c47462f493c28334f212f6824554e3f3b454e307d22673f517c587c
2025-08-19,QeeQ7Y{q9w.Pk>T=LNagT|ATks7A4l~x-1r\'&2)SX]po[*aV>KE.iamG((s,5165655137597b7139772e506b3e543d4c4e6167547c41546b733741346c7e782d31725c2726322953585d706f5b2a61563e4b452e69616d47282873
2025-08-20,".!%M!0}\_HMD!\9;L]6!06mxC{#b@_#k((m9%Ct=07@fCT\)_'^Ld?RcY&,F",2e21254d21307d5c5f484d44215c393b4c5d362130366d78437b2362405f236b28286d392543743d3037406643545c295f275e4c643f526359262c46
2025-08-21,"D9k=f:,~GmE_86*djtD/l(iyBH&RbOz|Ae@>dHuOn`k?CtL15>u++7JCLQ|i",44396b3d663a2c7e476d455f38362a646a74442f6c28697942482652624f7a7c4165403e6448754f6e606b3f43744c31353e752b2b374a434c517c69
2025-08-22,"?0Ev+fqIwf/q<"":Ed(I%FB*wp=:'90hv'g""$).e8\dD]R]K=D3i;M{N`nz}U",3f3045762b66714977662f713c223a456428492546422a77703d3a273930687627672224292e65385c64445d525d4b3d4433693b4d7b4e606e7a7d55
2025-08-23,"mgAG<(YJ_o}@$w3!N[GJpl8]TaL,""&^?@YQT<|$!g7yD3YaG3kSn?vr7A[Gi",6d6741473c28594a5f6f7d40247733214e5b474a706c385d54614c2c22265e3f405951543c7c24216737794433596147336b536e3f767237415b4769
2025-08-24,"posHQ8GOn\-a\(TgSA^v(k6(b%G;Nuo""C<T,@dVXicJ&:!b,7S[N=j0x51jN",706f73485138474f6e5c2d615c28546753415e76286b36286225473b4e756f22433c542c4064565869634a263a21622c37535b4e3d6a307835316a4e
2025-08-25,"ORFP\m>vFCj[-lj)/+$|6R~/V}|I1qJs#QGJ-NTfF\/e,C]1(d*V+s,q5$z`",4f5246505c6d3e7646436a5b2d6c6a292f2b247c36527e2f567d7c4931714a732351474a2d4e5466465c2f652c435d3128642a562b732c7135247a60
2025-08-26,"4BnK2XlM>3,Rd-unif*)F)qf0gZ1vN|7t(U+.=](`$9r.""$[+i;E}TTUY?4X",34426e4b32586c4d3e332c52642d756e69662a294629716630675a31764e7c377428552b2e3d5d28602439722e22245b2b693b457d545455593f3458
2025-08-27,"LEUo,|'?UAjwyw${tYcwC<dFSb{<wr(?,JEw'(yz6QyRQK30*jwk*.h~fsNR",4c45556f2c7c273f55416a777977247b74596377433c644653627b3c7772283f2c4a45772728797a36517952514b33302a6a776b2a2e687e66734e52
2025-08-28,nvu=11_$WMF63*-M(_us~(85&>wKTu)-QyJo=)5d>:C'bKqnHc~7&U90{m33,6e76753d31315f24574d4636332a2d4d285f75737e283835263e774b5475292d51794a6f3d2935643e3a4327624b716e48637e37265539307b6d3333
2025-08-29,"oonD*D\N$'6w$W}""b,RK^DOSdpQic;}Fje|$232`m@BBbi[Zpk<QGG^(K(x:",6f6f6e442a445c4e2427367724577d22622c524b5e444f5364705169633b7d466a657c24323332606d40424262695b5a706b3c5147475e284b28783a
2025-08-30,"RD~1Ejp+hz9nj[-}_a|XoRn35GvGR3BbruJU8kZw$KWr""dmXVcz2*k',Q&C+",52447e31456a702b687a396e6a5b2d7d5f617c586f526e33354776475233426272754a55386b5a77244b577222646d5856637a322a6b272c5126432b
2025-08-31,"YctjxL?K':A})l~9^jw5*jp#zId9|hbne3[5,)Xh}H`fEE}zWVR~)H71H7nH",5963746a784c3f4b273a417d296c7e395e6a77352a6a70237a4964397c68626e65335b352c2958687d48606645457d7a5756527e2948373148376e48
2025-09-01,"5Y>;lT[ji2btYUn$[6!0xA?T3fBa.XAib},&uo%]{')Mzt;$,<upP6y[D:iP",35593e3b6c545b6a6932627459556e245b36213078413f54336642612e584169627d2c26756f255d7b27294d7a743b242c3c75705036795b443a6950
2025-09-02,`$HA>|o_g6yoY\dE339}4M#'nt@-`QL]d-8FbO\4UhU)?dtbt2(^2EJF@bRy,602448413e7c6f5f6736796f595c64453333397d344d23276e74402d60514c5d642d3846624f5c34556855293f6474627432285e32454a4640625279
2025-09-03,xbC=_o=v--%t9V0LXHAgMCK#_v.b0*K^8QLL*cV40eLC;@Hep7MFKy9$`M4v,7862433d5f6f3d762d2d25743956304c584841674d434b235f762e62302a4b5e38514c4c2a63563430654c433b40486570374d464b793924604d3476
2025-09-04,l3@-awht~x1a5#5S1*t$|\9oJA4EOY[p3EtYKHB_ow0n?-.Qsr@7/tqK>&z$,6c33402d617768747e78316135233553312a74247c5c396f4a4134454f595b70334574594b48425f6f77306e3f2d2e51737240372f74714b3e267a24
2025-09-05,"W9z*<]VX`L=K)?#~,S^%pvwmAhSK-"".{Ru-HYRqu`P1IZ`;#oZi^t-)s#XD[",57397a2a3c5d5658604c3d4b293f237e2c535e257076776d4168534b2d222e7b52752d4859527175605031495a603b236f5a695e742d29732358445b
2025-09-06,"c^6yIq.L.}u|n""u[j_?c4wo1UZ'WDR;Wi6uQvcq=l@2s26`jy""lcXg/3}nwq",635e367949712e4c2e7d757c6e22755b6a5f3f6334776f31555a275744523b57693675517663713d6c4032733236606a79226c6358672f337d6e7771
2025-09-07,"%W,%3>qMd4)}H\6wEo!h.=b.rW/\Xq|($b_P_eqKf]K5>BoX=Y*i]_jSxmEr",25572c25333e714d6434297d485c3677456f21682e3d622e72572f5c58717c2824625f505f65714b665d4b353e426f583d592a695d5f6a53786d4572
2025-09-08,"s?-<'m;Ze]MYOHb(8-pnI0""x\FG}u)w?6$H0ysXgCQ>kz.Z&3Y-Tp./_ym<9",733f2d3c276d3b5a655d4d594f486228382d706e493022785c46477d7529773f362448307973586743513e6b7a2e5a2633592d54702e2f5f796d3c39
2025-09-09,"RxB?rE0pb5<X2k.H&xFR$X079*=V{^'9rXR\sIQ~RY6+M""MPByB5M^y!X)Kg",5278423f7245307062353c58326b2e482678465224583037392a3d567b5e27397258525c7349517e5259362b4d224d50427942354d5e792158294b67
2025-09-10,"xBFpPPeSN|~yJ$o?k,Oq,L8B*ecjw~n}@#6h-$:oP0M]4X$W8Z3b?@$Dz4c]",78424670505065534e7c7e794a246f3f6b2c4f712c4c38422a65636a777e6e7d402336682d243a6f50304d5d34582457385a33623f4024447a34635d
2025-09-11,"[Bt069d`lA;)N_Y^N,/6OV`!Y.L:p5[p""2}~U-?iF/n}5621F<qZuJn$G,M2",5b427430363964606c413b294e5f595e4e2c2f364f566021592e4c3a70355b7022327d7e552d3f69462f6e7d35363231463c715a754a6e24472c4d32
2025-09-12,"hip`1D[fuPticsQqL*:ja+g_%:0JFE8zniv[iP$ME(W""ipb/a}W:>/J|xHs4",6869706031445b6675507469637351714c2a3a6a612b675f253a304a4645387a6e69765b6950244d452857226970622f617d573a3e2f4a7c78487334
2025-09-13,"2TM32C+x<v)&z:3GV`(QP3d-+,(rCb0|K.c%k[c`Pb4Mq?V>8n}tP3LUnH2{",32544d3332432b783c7629267a3a3347566028515033642d2b2c28724362307c4b2e63256b5b63605062344d713f563e386e7d7450334c556e48327b
2025-09-14,hnt>.S6].|zKrJ<uA}-1tl%dOq)T#7p~hDuj?az0~p\#6=U/#w8v)Qp.g?V*,686e743e2e53365d2e7c7a4b724a3c75417d2d31746c25644f7129542337707e6844756a3f617a307e705c23363d552f237738762951702e673f562a
2025-09-15,"+=YeA_Lh}|V:s>2%f8%Zi8\AeZvCJBIUp?=a},_l[vC}8!o^#at.ho>=mGPo",2b3d5965415f4c687d7c563a733e32256638255a69385c41655a76434a424955703f3d617d2c5f6c5b76437d38216f5e2361742e686f3e3d6d47506f
2025-09-16,AgWTuUf}r=iuRG>3'hAqzAP~q|#3)i>X1A^Gp!5yi0AN[ZwEfE$6uwld*+w*,416757547555667d723d697552473e33276841717a41507e717c233329693e5831415e47702135796930414e5b5a77456645243675776c642a2b772a
2025-09-17,>@~v&0|I4Se1]=nS+QxoW7s;C9!^><3TOEW{l+Z8ry7UU1.6I*/RU[JJxd}U,3e407e7626307c49345365315d3d6e532b51786f5737733b4339215e3e3c33544f45577b6c2b5a387279375555312e36492a2f52555b4a4a78647d55
2025-09-18,/:T{035:Wa@)_[1)zVJ}\4jUKaa`i|XigjK<i;nd9__&d?t9@LDzc\3\V>64,2f3a547b3033353a576140295f5b31297a564a7d5c346a554b616160697c5869676a4b3c693b6e64395f5f26643f7439404c447a635c335c563e3634
2025-09-19,"_ORJ8NWlZAXB?AI.=W%M(eo-;<y8?$""9<pz&?S'S<R8-B1?QKKXSsd-E"".mO",5f4f524a384e576c5a4158423f41492e3d57254d28656f2d3b3c79383f2422393c707a263f5327533c52382d42313f514b4b585373642d45222e6d4f
2025-09-20,"L!e#{Ax#lLH^'i]{=o%?""J]f^Q""<9UtKDgf}c[oOd+tLql`85>,lG|'TekHO",4c2165237b4178236c4c485e27695d7b3d6f253f224a5d665e51223c3955744b4467667d635b6f4f642b744c716c6038353e2c6c477c2754656b484f
2025-09-21,">.h@baAm^=<J|UdE74>[1#r=$Ti\JMV6$iUV-(A3p[:|vj,6b]x^B![Bd:%;",3e2e68406261416d5e3d3c4a7c55644537343e5b3123723d2454695c4a4d5636246955562d284133705b3a7c766a2c36625d785e42215b42643a253b
2025-09-22,HDS`6c/g9%a(0T)+Zt{C%t0Et]B<F7xT8(!OZ/D^Gn~`it%Z@Hmv6cpQVp|z,4844536036632f67392561283054292b5a747b4325743045745d423c463778543828214f5a2f445e476e7e606974255a40486d763663705156707c7a
2025-09-23,8d:3YrV!V5Ntq$.mq?-o(g0^dDF0GU~opGZ&?Z\qTJKwnps;Hi6U-CW|'6]b,38643a335972562156354e7471242e6d713f2d6f2867305e6444463047557e6f70475a263f5a5c71544a4b776e70733b486936552d43577c27365d62
2025-09-24,"|Q3Jh""j9?<4\\?r;EDix*IboVvSSkxvGaeXs{t%)CcM""y:/$xBtPP>tcGTXP",7c51334a68226a393f3c345c5c3f723b454469782a49626f567653536b787647616558737b74252943634d22793a2f2478427450503e746347545850
2025-09-25,T|4<#Kqwfgiy4SABmFu?~[(Y!4(t4a?2H*x{Eb./WY;%idNA&VSzKT:`3^Yt,547c343c234b717766676979345341426d46753f7e5b28592134287434613f32482a787b45622e2f57593b2569644e412656537a4b543a60335e5974
2025-09-26,"K<@xOEEyj=@T7hCjX0kN^[|(q.i4&Ru&T8Mt2R<?K'b=s,XK{v8sP|o2P_mf",4b3c40784f4545796a3d40543768436a58306b4e5e5b7c28712e69342652752654384d7432523c3f4b27623d732c584b7b763873507c6f32505f6d66
2025-09-27,":1&@<p`OKM_Y)o<f|;+3c%_#1!mTYO+}V$1D9}A2&_2R""QHT2!*x#!5Z^9X`",3a3126403c70604f4b4d5f59296f3c667c3b2b3363255f2331216d54594f2b7d56243144397d4132265f32522251485432212a782321355a5e395860
2025-09-28,"z]P`zXn,kGhm,vxG5,9|3(H!m/@6-W/svcj|/20]`puhwLW.CCPcC&?n9c]1",7a5d50607a586e2c6b47686d2c767847352c397c332848216d2f40362d572f7376636a7c2f32305d60707568774c572e4343506343263f6e39635d31
2025-09-29,7]E@5;W%-{/u{up!'-?K{d1n4VI*JbMR^PBb\{6$z(m\)$eDQ/411?W2M2B[,375d4540353b57252d7b2f757b757021272d3f4b7b64316e3456492a4a624d525e5042625c7b36247a286d5c29246544512f3431313f57324d32425b
2025-09-30,X3uedB+^{zuPwq.D$>KaVu``v7K}[)L%gnM+=vhS7s6u<3x}2Z:y&^3(:RhW,5833756564422b5e7b7a755077712e44243e4b615675606076374b7d5b294c25676e4d2b3d766853377336753c33787d325a3a79265e33283a526857
2025-10-01,u*C-3rRq&P<YBR^.caA^jb}I#K'a:>ZuF4{n<\`=2o(x$1gWb-P%a<<G~Gj5,752a432d3372527126503c5942525e2e6361415e6a627d49234b27613a3e5a7546347b6e3c5c603d326f287824316757622d5025613c3c477e476a35
2025-10-02,":hQBggcS46OjXD34?Q+}HPv[6""^S.UX|/fj7""{+k%;41|:'u`TUU/4ZUlYtZ",3a6851426767635334364f6a584433343f512b7d4850765b36225e532e55587c2f666a37227b2b6b253b34317c3a2775605455552f345a556c59745a
2025-10-03,9kX#=iY*XgJ:0Zp+$2Xff`=9H/a>`-FS:Xvo&B5[]dM#'UwelFM_3nNTV}`],396b58233d69592a58674a3a305a702b2432586666603d39482f613e602d46533a58766f2642355b5d644d23275577656c464d5f336e4e54567d605d
2025-10-04,]k.<-R'\[xJ$iqsf8=h)3rY@vc3nJJXmao#Z1\[diDn=W;/wQaUgce`f+Hd*,5d6b2e3c2d52275c5b784a2469717366383d6829337259407663336e4a4a586d616f235a315c5b6469446e3d573b2f7751615567636560662b48642a
2025-10-05,".(S""T7""+~\g%.l*I9DN2K^/O1|JlqM5'7}z]L.ZxMp>`a`'FqG0|!v.xyl70",2e2853225437222b7e5c67252e6c2a4939444e324b5e2f4f317c4a6c714d3527377d7a5d4c2e5a784d703e60616027467147307c21762e78796c3730
2025-10-06,"""+8uhD/2-Be&xDEtTFYUG)|4JH[$""^a0.@|m]`9Vw@7]z~h+dm{zFs4a[M/f",222b387568442f322d426526784445745446595547297c344a485b24225e61302e407c6d5d6039567740375d7a7e682b646d7b7a467334615b4d2f66
2025-10-07,"Qy~!;0@/1jRjj%oXTBY73md2!g7$;sJk#z""FKHZ.vD8H4q:kn;<0f{S^I@H|",51797e213b30402f316a526a6a256f5854425937336d6432216737243b734a6b237a22464b485a2e7644384834713a6b6e3b3c30667b535e4940487c
2025-10-08,Vy8j#?&xCevGHISUPX)NI@M4+4G.z@}CKZ&mq^J~HobU}F;%p;Q&hZlpO=J3,5679386a233f267843657647484953555058294e49404d342b34472e7a407d434b5a266d715e4a7e486f62557d463b25703b5126685a6c704f3d4a33
2025-10-09,"PD6R2hg_:1(&,7N*:duBV}T{:in54v%9)qs)/,8I<U;SL4-X{^MCSUnRp};g",504436523268675f3a3128262c374e2a3a647542567d547b3a696e3534762539297173292f2c38493c553b534c342d587b5e4d4353556e52707d3b67
2025-10-10,"Y2MZhtAQbQzrsjbQ4?|0z(;Kc%#p!'QMJXLy&P""EyVBVyY*I<_9:[rShw.w&",59324d5a6874415162517a72736a6251343f7c307a283b4b632523702127514d4a584c79265022457956425679592a493c5f393a5b725368772e7726
2025-10-11,wW2-iC[d'r{h5(l?(;S;2\U#r}(C2D?;jeE.06]U'=O39_.}^NWP*XpPh>Sh,7757322d69435b6427727b6835286c3f283b533b325c5523727d284332443f3b6a65452e30365d55273d4f33395f2e7d5e4e57502a587050683e5368
2025-10-12,"{q.R@[77UiX#""4lWsDD,!SFak""IW'hlv4u5O0]UrIAG'Qtiym'1+es0lM#0>",7b712e52405b37375569582322346c577344442c215346616b22495727686c763475354f305d557249414727517469796d27312b6573306c4d23303e
2025-10-13,"+cWNJG=?ebVEu@RwN(pL#IY_2'kQY""Uu|:%%Di)cZ/}Y~8{~N2n;#lQb-2u1",2b63574e4a473d3f65625645754052774e28704c2349595f32276b51592255757c3a2525446929635a2f7d597e387b7e4e326e3b236c51622d327531
2025-10-14,=.Aete:{]pz.24JSZ=B.&f]@-(y|9$~V$Ku.?7CtZ@.Yx_$>;yfe|5fvjqf|,3d2e416574653a7b5d707a2e32344a535a3d422e26665d402d28797c39247e56244b752e3f3743745a402e59785f243e3b7966657c3566766a71667c
2025-10-15,"z1?L@uonph^_1hT4XU|r#<YjY9N'Ahh-k#bU,]%U)>$,Gg+>{CkKmQ1t'K2L",7a313f4c40756f6e70685e5f3168543458557c72233c596a59394e274168682d6b2362552c5d2555293e242c47672b3e7b436b4b6d513174274b324c
2025-10-16,"_~*/-5m:PXR~\^xW=`j0HY>hfDva_>0Yl>j~P!f.)+\Zc!,CUX<v14L""?Ql}",5f7e2a2f2d356d3a5058527e5c5e78573d606a3048593e68664476615f3e30596c3e6a7e5021662e292b5c5a63212c4355583c7631344c223f516c7d
2025-10-17,"|ahbTJVt""AXqI;ikt/-C.:2=bOogWvOiE0}iFkO]M4X-;N+SNpRh2o8v:*$y",7c616862544a567422415871493b696b742f2d432e3a323d624f6f6757764f6945307d69466b4f5d4d34582d3b4e2b534e705268326f38763a2a2479
2025-10-18,"|`:-PVLP5PIDS\qx5%oMZ\Etmo.]hKWKSmRN!+d,mr6-_6U?bSHqvIW;HX>#",7c603a2d50564c5035504944535c717835256f4d5a5c45746d6f2e5d684b574b536d524e212b642c6d72362d5f36553f625348717649573b48583e23
2025-10-19,"X<Ru&o}F4cuT.^{gZRmi@DwYeEJNu?3XDc5<wztF-f,ILRZ\Q5`?uR9UC$}t",583c5275266f7d46346375542e5e7b675a526d694044775965454a4e753f33584463353c777a74462d662c494c525a5c5135603f7552395543247d74
2025-10-20,"IO@fK'@VX,#idk?|y(^^D>o/.7]UA7yTdLlC3+d&m1*Xil"":""{|,T,oc[04G",494f40664b274056582c2369646b3f7c79285e5e443e6f2f2e375d5541377954644c6c43332b64266d312a58696c223a227b7c2c542c6f635b303447
2025-10-21,"xLhCIo5_26gfWYL7d,Z~~^PP*pwi'DPug!t,gvF^1Ww8@7W1pHuoinPZT5]U",784c6843496f355f3236676657594c37642c5a7e7e5e50502a707769274450756721742c6776465e31577738403757317048756f696e505a54355d55
2025-10-22,+atsWiwPz38(~ez{p{kj7\^YZ{@aNTuRz4$GxE%XgyuV9&CP:T;qNmmt*GR[,2b617473576977507a3338287e657a7b707b6b6a375c5e595a7b40614e5475527a3424477845255867797556392643503a543b714e6d6d742a47525b
2025-10-23,@o(bz)Y2~qmB(F0C`A2m.E{[OYi/Z}vEzow{eHBRiu<A{`LTp83y)yJ;;V*_,406f28627a2959327e716d42284630436041326d2e457b5b4f59692f5a7d76457a6f777b6548425269753c417b604c547038337929794a3b3b562a5f
2025-10-24,"go)R'![Km&z~`~k5[@DseY%965VkV(akr!r-7';w{/{epBrLBI:dln~!@s""n",676f295227215b4b6d267a7e607e6b355b404473655925393635566b5628616b7221722d37273b777b2f7b657042724c42493a646c6e7e214073226e
2025-10-25,sSX01Yu%L-ZV-2lFYwVV67to1[Ea*xygS/+73$%=WH{}sml|slIFnJi4{RU2,73535830315975254c2d5a562d326c46597756563637746f315b45612a787967532f2b373324253d57487b7d736d6c7c736c49466e4a69347b525532
2025-10-26,K+\EXFupv|e@*UFhq>zH}}^czU13!Y[R&o$j}7-p)yQeMB.\nc{tGffqU~]1,4b2b5c4558467570767c65402a554668713e7a487d7d5e637a55313321595b52266f246a7d372d70297951654d422e5c6e637b7447666671557e5d31
2025-10-27,"IkWt5DW<5|ZWDNThoFkT3[OVOF0k+b1,DR6#Kn/tbi\3`8&2Fx^0.h?7=bY}",496b57743544573c357c5a57444e54686f466b54335b4f564f46306b2b62312c445236234b6e2f7462695c336038263246785e302e683f373d62597d
2025-10-28,"eutSE.5k%$;i)yvAil<Dip,%G7de;Q+GFInBoD~4'N^N>x&<CMqrxn%&?13Z",65757453452e356b25243b6929797641696c3c4469702c25473764653b512b4746496e426f447e34274e5e4e3e78263c434d7172786e25263f31335a
2025-10-29,"Xr6_*>%:QvdCF}QqCeyB`=}mmdM!7h9J[A#H*ey.]'+0{7\""q*C^.j)E.n~""",5872365f2a3e253a51766443467d517143657942603d7d6d6d644d213768394a5b4123482a65792e5d272b307b375c22712a435e2e6a29452e6e7e22
2025-10-30,"S}>WG{#jksa0lEe%t<lvR/}^/-7NHC+,A#Xp]CxY~5Z4a1}[tTEgX9f6KB.W",537d3e57477b236a6b7361306c456525743c6c76522f7d5e2f2d374e48432b2c412358705d4378597e355a3461317d5b74544567583966364b422e57
2025-10-31,"}o/TWQJi(7\#`uf""V\M~pl58Ap_-}[vE:UG+zPFu)6{x'&K2s?Zcszm=4XAH",7d6f2f5457514a6928375c2360756622565c4d7e706c353841705f2d7d5b76453a55472b7a50467529367b7827264b32733f5a63737a6d3d34584148
2025-11-01,"ypd\]vNw""hI,=g4wL?Xr}}#_'kU|h{Y?)3DlYfS}zZ/*y(w)fK^r+eeq3x%n",7970645c5d764e772268492c3d6734774c3f58727d7d235f276b557c687b593f2933446c5966537d7a5a2f2a79287729664b5e722b6565713378256e
2025-11-02,"X)-p4s;qV`G{1<U=Vc.9G%]+Kp0:Lm%>j_&KY<I,i}:&C?!~49rAQssK-M|-",58292d7034733b715660477b313c553d56632e3947255d2b4b70303a4c6d253e6a5f264b593c492c697d3a26433f217e343972415173734b2d4d7c2d
2025-11-03,xQw(Z^c%{{)#aTEq-0=yx)cD|VUNJq|?{0E!<Tzhy!T9>I19v=B~!OKA<5cL,785177285a5e63257b7b2923615445712d303d79782963447c56554e4a717c3f7b3045213c547a68792154393e493139763d427e214f4b413c35634c
2025-11-04,"FWpLS"")ryQ~Z}wgt;+Ny4kiT$o.z@jzduQ5mK*&!3'n{i'#VR(E1TCqa9mVg",4657704c5322297279517e5a7d7767743b2b4e79346b6954246f2e7a406a7a647551356d4b2a262133276e7b692723565228453154437161396d5667
2025-11-05,"7t54b:Y}u\V=k@&R,m{|GWO\}}8A_f,w/Ku^5.E'LC[6yMzH`B+VB;|9&Xwj",37743534623a597d755c563d6b4026522c6d7b7c47574f5c7d7d38415f662c772f4b755e352e45274c435b36794d7a4860422b56423b7c392658776a
2025-11-06,"!RG~XwF,f,r6F`;(uw3I8%@VsC{3;Kxpqc30fehaQCHrOu}THAXWC*eBar7r",2152477e5877462c662c723646603b28757733493825405673437b333b4b78707163333066656861514348724f757d5448415857432a654261723772
2025-11-07,"/:%d;jD`+OQ]~]!whT)L.|w%h:!""<5qSZ""@V\>M4KF0ZqvAZzANl~2.$]zbD",2f3a25643b6a44602b4f515d7e5d21776854294c2e7c7725683a21223c3571535a2240565c3e4d344b46305a7176415a7a414e6c7e322e245d7a6244
2025-11-08,5y1ST5o;+i`}~pm5CVMAuk;kCljnMLq'YbV~|V|>*-m[P]fy3=-/<4(O-3ij,3579315354356f3b2b69607d7e706d3543564d41756b3b6b436c6a6e4d4c71275962567e7c567c3e2a2d6d5b505d6679333d2d2f3c34284f2d33696a
2025-11-09,";)v9n'@^@5^77ufW4=>uJK|lYmShvOWS0t[q6""*Kp(YWQO%y3>*%r1Mg5SXN",3b2976396e27405e40355e3737756657343d3e754a4b7c6c596d5368764f575330745b7136222a4b70285957514f2579333e2a2572314d673553584e
2025-11-10,Fc5j_gFX{Ny&$Z6_/Ex}9Zl_3$=XjW|lIvqzL)w^}J'l|+xjy61'X<-974l(,4663356a5f6746587b4e7926245a365f2f45787d395a6c5f33243d586a577c6c4976717a4c29775e7d4a276c7c2b786a79363127583c2d3937346c28
2025-11-11,"_j@fO,YJtkQF9M!RPrisU6NTN6N%|40<T|KaIr3ZMc32c$]n[TmDjH!:fJGx",5f6a40664f2c594a746b5146394d21525072697355364e544e364e257c34303c547c4b614972335a4d63333263245d6e5b546d446a48213a664a4778
2025-11-12,7;mp[1:GHh#'AByrb>R$P3nqY4u2+/o@(ER'erY.e<s0fs:2YJ>gv_T0Q_H/,373b6d705b313a474868232741427972623e522450336e71593475322b2f6f40284552276572592e653c733066733a32594a3e67765f5430515f482f
2025-11-13,"vP9f3]9p_Ax*@XW=mZM!|/""O;D~jpUH/m~#&m9Vyhw=Aqf6U<Dni:zz[#_vn",76503966335d39705f41782a4058573d6d5a4d217c2f224f3b447e6a7055482f6d7e23266d39567968773d41716636553c446e693a7a7a5b235f766e
2025-11-14,"|7ub}d8]~,~gS/Q6<sl5o&s6S*:YJrsX&.?Y\j~,b;S.-lPfCVBc)e[=rn;L",7c3775627d64385d7e2c7e67532f51363c736c356f267336532a3a594a727358262e3f595c6a7e2c623b532e2d6c50664356426329655b3d726e3b4c
2025-11-15,$6GIjQ?>125eY|byCDOFhWHekpsBg97/5!)-atojXf-p\e:<W!<iR$tNTT.w,243647496a513f3e31323565597c627943444f46685748656b7073426739372f3521292d61746f6a58662d705c653a3c57213c695224744e54542e77
2025-11-16,JW[jXeJ4lAq0SU'N0(NEQRY@BrYnB}X(sD2'2ucxF;z2ek5^y8[V!qQ%~E7-,4a575b6a58654a346c4171305355274e30284e45515259404272596e427d58287344322732756378463b7a32656b355e79385b56217151257e45372d
2025-11-17,"O>sGR2%,]PJ-OK{-g4/9G7OPqKF3D:Pdzyp<)J{eDi*>TFy;NW:_x~,=~d]+",4f3e73475232252c5d504a2d4f4b7b2d67342f3947374f50714b4633443a50647a79703c294a7b6544692a3e5446793b4e573a5f787e2c3d7e645d2b
2025-11-18,"~iTb=?&['P0!GA_ps0^pc)D""y>NaK]x:Hg)w+n$MWOlxP!*vv}uE~]Mu${}K",7e6954623d3f265b2750302147415f7073305e7063294422793e4e614b5d783a486729772b6e244d574f6c7850212a76767d75457e5d4d75247b7d4b
2025-11-19,"[/&$pzODw/E43$!8=C`~z^J\!82N=8fwt:^j7&[7mW]""/y4c,HuQ(p%h3peq",5b2f2624707a4f44772f4534332421383d43607e7a5e4a5c2138324e3d386677743a5e6a37265b376d575d222f7934632c4875512870256833706571
2025-11-20,"?owOB9l^}c@*}w9GT7sc>0O|ZHj?~u%]zz=X1!TI/\t-(&mJ{*9<,r4a?bF\",3f6f774f42396c5e7d63402a7d773947543773633e304f7c5a486a3f7e75255d7a7a3d58312154492f5c742d28266d4a7b2a393c2c7234613f62465c
2025-11-21,"[#{P]!2ZRpyUojYTCtCv~,>%nMI;z(""DAan;1',-t+""/?[p;r4k-+#,G-FL;",5b237b505d21325a527079556f6a5954437443767e2c3e256e4d493b7a28224441616e3b31272c2d742b222f3f5b703b72346b2d2b232c472d464c3b
2025-11-22,"""@h[W$*q;HPU^ZY^JI:l|k]?5fzs^jtWurWhOv%h34s2b=0mtP)C4vkMx,6A",2240685b57242a713b4850555e5a595e4a493a6c7c6b5d3f35667a735e6a7457757257684f76256833347332623d306d7450294334766b4d782c3641
2025-11-23,"[Xi}VU9d9c#AWknbiomd#^zB<8/j+(|E""23U(M=cHzS%*<ue;&+*@ZO#tnAq",5b58697d5655396439632341576b6e62696f6d64235e7a423c382f6a2b287c4522323355284d3d63487a53252a3c75653b262b2a405a4f23746e4171
2025-11-24,/tf-Fih3GLiHX}E2;&y:&D~Ubq*6W<Ran\\<(I9Y2J>%[aoW9(]iI63x@D>9,2f74662d46696833474c6948587d45323b26793a26447e5562712a36573c52616e5c5c3c28493959324a3e255b616f5739285d694936337840443e39
2025-11-25,"t/k#]j$6F{$)Gb\wEdgp6}[x]k2Ci6fZessouzOt.lG]_v#uV""o]]=yA\&>X",742f6b235d6a2436467b242947625c7745646770367d5b785d6b32436936665a6573736f757a4f742e6c475d5f76237556226f5d5d3d79415c263e58
2025-11-26,"vlQ+f%$o`w%Nr=r},o@rVSX+0TOa-%%gS~RVv-;GE]bc/m=1uY}SU=bT[c3E",766c512b6625246f6077254e723d727d2c6f40725653582b30544f612d252567537e5256762d3b47455d62632f6d3d3175597d53553d62545b633345
2025-11-27,igREt|w70fbNj86}aN@%jMM9sNrL2[R%D|*8~)\)QwWGfJ-Etvc_J&2?q}*u,69675245747c77373066624e6a38367d614e40256a4d4d39734e724c325b5225447c2a387e295c2951775747664a2d457476635f4a26323f717d2a75
2025-11-28,"Gmq*pssPLH'Xy7r{oRM'rKC5{Xk4jP/YE81>""|f+{'E0{H5nfNY$pbeig/t8",476d712a707373504c4827587937727b6f524d27724b43357b586b346a502f594538313e227c662b7b2745307b48356e664e592470626569672f7438
